Timestamp,Age,Gender,Country,state,self_employed,family_history,treatment,work_interfere,no_employees,remote_work,tech_company,benefits,care_options,wellness_program,seek_help,anonymity,leave,mental_health_consequence,phys_health_consequence,coworkers,supervisor,mental_health_interview,phys_health_interview,mental_vs_physical,obs_consequence,comments
2014-08-27 11:29:31,35,Woman,Germany,,Yes,No,No,nan,26-100,No,Yes,Yes,No,No,No,Don't know,Don't know,No,Maybe,Some of them,Some of them,Maybe,Maybe,Don't know,No,Thanks for doing this survey. It helps end the stigma!
2014-08-27 21:28:44,31,Trans woman,United States,TN,Yes,No,Yes,Sometimes,1-5,No,Yes,No,Not sure,Yes,No,Yes,Very easy,Yes,Maybe,Yes,Some of them,No,Yes,Don't know,No,
2014-08-28 07:27:57,36,Male (CIS),United States,MI,No,Yes,Yes,nan,100-500,Yes,No,Don't know,Yes,Don't know,No,Yes,Very easy,Maybe,No,Some of them,Some of them,No,Yes,Yes,No,
2014-08-28 17:27:10,42,cis-female/femme,United States,GA,No,Yes,Yes,nan,1-5,Yes,Yes,Yes,No,Don't know,Don't know,Don't know,Don't know,No,No,Some of them,Yes,No,No,Yes,No,
2014-08-29 03:26:23,30,Man,Ireland,,No,Yes,No,nan,More than 1000,No,No,Yes,Yes,No,Don't know,Don't know,Very difficult,No,No,Some of them,No,No,Yes,Don't know,No,
2014-08-29 13:25:36,30,Cis Female,United States,IN,No,Yes,No,Never,6-25,No,Yes,No,No,Yes,No,Don't know,Don't know,Maybe,No,Some of them,Yes,Maybe,No,Yes,Yes,
2014-08-29 23:24:49,43,M,United States,CA,No,No,No,Rarely,100-500,No,Yes,No,Not sure,No,Yes,No,Somewhat easy,Maybe,Yes,Some of them,Yes,No,Yes,No,No,
2014-08-30 09:24:02,37,female,Canada,,No,Yes,Yes,Often,6-25,No,No,Don't know,Not sure,No,No,No,Don't know,No,Maybe,Some of them,Some of them,Maybe,Maybe,Don't know,No,
2014-08-30 19:23:15,28,non-binary,Germany,,Yes,Yes,Yes,Sometimes,26-100,No,Yes,Don't know,No,Don't know,No,Don't know,Somewhat easy,Maybe,No,Some of them,No,No,No,Yes,Yes,I openly discuss my mental health struggles to encourage others to seek treatment.
2014-08-31 05:22:28,35,Male-ish,United States,OR,No,Yes,Yes,Rarely,6-25,No,No,Yes,No,No,No,Yes,Don't know,Maybe,No,Some of them,Some of them,No,No,Yes,No,
2014-08-31 15:21:41,28,Femake,United Kingdom,,No,No,Yes,Sometimes,1-5,Yes,Yes,No,No,Yes,No,Yes,Don't know,Maybe,No,No,Yes,No,No,Don't know,No,
2014-09-01 01:20:54,28,Genderqueer,Canada,,No,No,No,Never,6-25,Yes,Yes,No,No,No,No,Yes,Somewhat difficult,Yes,No,No,No,No,Maybe,Don't know,No,
2014-09-01 11:20:07,33,Agender,United Kingdom,,No,No,Yes,Sometimes,1-5,No,No,Yes,No,No,No,Yes,Don't know,Yes,No,Some of them,No,No,Maybe,Yes,No,
2014-09-01 21:19:20,18,maile,United States,OH,Yes,Yes,Yes,Sometimes,1-5,No,Yes,No,No,Yes,No,No,Very easy,Maybe,No,Some of them,Yes,No,Maybe,No,No,
2014-09-02 07:18:33,19,Female,Netherlands,,No,No,No,Sometimes,More than 1000,No,No,No,Yes,No,No,Don't know,Somewhat easy,Yes,No,Yes,Yes,No,Maybe,Don't know,No,
2014-09-02 17:17:46,-29,Cis Male,United States,GA,No,No,No,Never,100-500,Yes,No,Yes,No,No,Don't know,Don't know,Very difficult,No,Maybe,Some of them,Yes,No,Maybe,No,No,
2014-09-03 03:16:59,24,Female (trans),United States,IN,No,Yes,Yes,Rarely,More than 1000,No,Yes,Don't know,Not sure,No,No,Yes,Somewhat easy,No,No,Yes,No,Maybe,No,Yes,No,Working remote is empowering. I've seen negative consequences in previous workplaces.
2014-09-03 13:16:12,34,Agender,United States,WA,No,Yes,Yes,Sometimes,100-500,No,Yes,Yes,Not sure,No,Don't know,Yes,Don't know,No,No,Some of them,Some of them,No,Yes,Don't know,No,
2014-09-03 23:15:25,25,Cis Female,United States,IL,No,Yes,No,Never,26-100,Yes,Yes,Yes,Yes,No,No,Yes,Don't know,Maybe,No,Some of them,Some of them,No,No,Yes,No,
2014-09-04 09:14:38,22,fluid,United States,NC,No,Yes,Yes,Sometimes,100-500,No,Yes,No,Not sure,No,Don't know,Don't know,Somewhat difficult,Maybe,Maybe,No,Some of them,Yes,No,No,No,
2014-09-04 19:13:51,42,Cis Female,Canada,,No,No,No,Rarely,More than 1000,No,Yes,Yes,No,Yes,Yes,Don't know,Somewhat difficult,Maybe,Maybe,Yes,Some of them,Maybe,Yes,Don't know,No,
2014-09-05 05:13:04,30,female ,United States,MN,nan,No,No,Rarely,1-5,No,Yes,No,No,Don't know,No,Don't know,Don't know,No,No,Some of them,Some of them,No,Maybe,Yes,No,
2014-09-05 15:12:17,32,M,United States,TX,No,No,Yes,Rarely,More than 1000,No,Yes,No,Yes,No,No,Don't know,Somewhat easy,No,No,Some of them,No,No,Maybe,Yes,Yes,
2014-09-06 01:11:30,22,non-binary,United States,TN,No,No,Yes,Often,More than 1000,No,Yes,Yes,Yes,Don't know,Yes,Don't know,Somewhat easy,Yes,No,Some of them,No,No,Maybe,Don't know,No,
2014-09-06 11:10:43,28,m,United States,MA,No,No,No,Sometimes,100-500,No,Yes,Don't know,Yes,No,Don't know,No,Very difficult,Yes,No,Yes,Yes,No,Yes,Don't know,No,Our health plan has covered my psychotherapy and antidepressant medication. Manager has been discreet throughout.
2014-09-06 21:09:56,32,Enby,Brazil,,Yes,No,Yes,Often,1-5,No,Yes,No,Not sure,No,No,Don't know,Very difficult,Maybe,No,No,Some of them,No,Maybe,Don't know,No,
2014-09-07 07:09:09,23,Genderqueer,United States,MN,No,No,Yes,Never,More than 1000,No,Yes,No,Not sure,No,No,Yes,Very difficult,Maybe,No,Some of them,Yes,No,No,Don't know,No,
2014-09-07 17:08:22,34,cis-female/femme,United States,MI,No,Yes,Yes,Never,6-25,Yes,No,No,Yes,No,Don't know,Don't know,Somewhat difficult,Maybe,No,Some of them,Yes,No,Maybe,Don't know,No,
2014-09-08 03:07:35,27,male,United States,GA,No,Yes,No,Rarely,More than 1000,No,Yes,Yes,Not sure,Don't know,Yes,Yes,Somewhat difficult,No,No,Some of them,Some of them,No,Yes,No,No,
2014-09-08 13:06:48,29,cis male,United States,MN,No,No,No,Sometimes,500-1000,No,Yes,Don't know,No,No,No,Don't know,Don't know,Maybe,No,Some of them,Yes,No,Maybe,No,No,
2014-09-08 23:06:01,27,Make,United States,CA,No,Yes,No,Rarely,100-500,No,Yes,Don't know,No,No,No,Yes,Somewhat difficult,Maybe,No,Some of them,Some of them,No,No,Don't know,No,
2014-09-09 09:05:14,44,Guy (-ish) ^_^,United Kingdom,,No,Yes,No,Rarely,100-500,Yes,Yes,No,Yes,Don't know,No,Don't know,Very easy,Maybe,No,No,Some of them,No,Maybe,Don't know,Yes,
2014-09-09 19:04:27,31,M,India,,No,No,Yes,Sometimes,6-25,Yes,No,Yes,Yes,Don't know,No,Don't know,Very difficult,No,No,Some of them,Yes,No,Maybe,Don't know,No,Thanks for doing this survey. It helps end the stigma!
2014-09-10 05:03:40,24,Trans woman,United States,IL,No,No,No,Sometimes,More than 1000,No,Yes,No,Yes,No,No,Don't know,Somewhat easy,Yes,No,Some of them,No,No,No,Don't know,No,
2014-09-10 15:02:53,37,Woman,United Kingdom,,No,No,Yes,Sometimes,More than 1000,No,Yes,Yes,No,Don't know,No,Don't know,Don't know,Yes,No,No,Some of them,No,Yes,Don't know,No,
2014-09-11 01:02:06,23,cis male,United Kingdom,,No,No,No,nan,1-5,Yes,Yes,No,Yes,No,No,Yes,Somewhat easy,No,Maybe,Some of them,Yes,Maybe,No,Don't know,No,
2014-09-11 11:01:19,33,Female,Germany,,No,No,No,Often,6-25,No,Yes,Don't know,No,Yes,No,Yes,Very easy,Maybe,Maybe,Some of them,Some of them,No,Yes,No,No,
2014-09-11 21:00:32,18,female,United States,GA,No,No,No,Sometimes,1-5,No,Yes,Don't know,Yes,No,Yes,No,Don't know,Yes,Maybe,Some of them,Some of them,No,No,Don't know,No,
2014-09-12 06:59:45,22,Female ,United States,NY,No,No,No,Sometimes,More than 1000,Yes,Yes,Don't know,No,Yes,No,Yes,Don't know,No,No,Some of them,Yes,No,No,Yes,No,
2014-09-12 16:58:58,33,f,United States,CA,No,No,No,Rarely,6-25,No,Yes,Yes,No,No,No,No,Somewhat easy,Maybe,Maybe,Yes,Yes,No,Maybe,Don't know,No,
2014-09-13 02:58:11,37,Agender,United Kingdom,,No,No,No,nan,26-100,Yes,Yes,Yes,No,No,No,Yes,Don't know,Maybe,No,No,Yes,No,Maybe,Don't know,No,Our health plan has covered my psychotherapy and antidepressant medication. Manager has been discreet throughout.
2014-09-13 12:57:24,33,f,Canada,,No,No,Yes,Sometimes,26-100,Yes,No,Yes,No,No,Yes,Don't know,Don't know,Maybe,Yes,Some of them,Yes,No,Maybe,No,No,
2014-09-13 22:56:37,99999999999,Female (trans),United States,IN,No,No,Yes,Sometimes,More than 1000,No,Yes,Yes,Not sure,No,Don't know,Don't know,Don't know,Yes,No,Some of them,Yes,Maybe,Yes,Don't know,No,
2014-09-14 08:55:50,29,fluid,United States,NY,No,No,Yes,nan,6-25,Yes,Yes,Yes,No,Don't know,Don't know,Don't know,Very difficult,No,No,Some of them,Some of them,No,Yes,No,No,
2014-09-14 18:55:03,21,Man,Australia,,No,Yes,Yes,Sometimes,6-25,Yes,Yes,No,No,No,No,Don't know,Very easy,No,No,Some of them,Yes,No,No,Don't know,Yes,
2014-09-15 04:54:16,26,Agender,Canada,,No,Yes,Yes,Sometimes,100-500,No,Yes,Don't know,Yes,Yes,Yes,Don't know,Don't know,No,Yes,Some of them,Some of them,Maybe,Maybe,Yes,No,
2014-09-15 14:53:29,28,m,Sweden,,No,Yes,Yes,nan,6-25,No,No,Yes,Yes,Don't know,No,Don't know,Very easy,No,Yes,Some of them,Yes,Maybe,Maybe,No,No,
2014-09-16 00:52:42,39,Enby,Canada,,No,No,Yes,Rarely,26-100,No,Yes,No,No,Don't know,No,Yes,Very easy,Maybe,Maybe,Some of them,No,No,Yes,Don't know,No,
2014-09-16 10:51:55,34,Guy (-ish) ^_^,United States,MI,No,Yes,Yes,Sometimes,26-100,No,Yes,Don't know,No,No,Don't know,Don't know,Don't know,Maybe,No,Some of them,No,No,Maybe,Don't know,No,In small startups it is hard to keep mental health issues private.
2014-09-16 20:51:09,19,Androgyne,United States,OH,No,Yes,Yes,Sometimes,More than 1000,Yes,Yes,No,Not sure,Yes,Yes,Don't know,Don't know,No,No,No,Some of them,No,Yes,No,No,
2014-09-17 06:50:22,34,fluid,United Kingdom,,No,No,Yes,Sometimes,100-500,No,Yes,Don't know,Yes,Yes,Don't know,Yes,Somewhat easy,Maybe,Yes,Yes,No,No,Maybe,Don't know,No,
2014-09-17 16:49:35,29,Genderqueer,United States,MI,No,Yes,Yes,Sometimes,26-100,No,Yes,Yes,No,Don't know,Yes,Yes,Somewhat easy,Maybe,No,Yes,Yes,No,Maybe,Yes,No,
2014-09-18 02:48:48,27,Genderqueer,United States,TN,No,No,Yes,nan,100-500,No,Yes,Don't know,Yes,No,Yes,No,Very easy,No,Maybe,Some of them,Some of them,Maybe,No,Don't know,No,
2014-09-18 12:48:01,36,cis male,United Kingdom,,No,Yes,No,Never,More than 1000,Yes,Yes,Don't know,No,No,No,Don't know,Don't know,Maybe,No,No,Yes,No,Maybe,Don't know,Yes,
2014-09-18 22:47:14,39,M,United States,MA,No,No,No,Often,6-25,No,Yes,Yes,No,No,No,Don't know,Don't know,Maybe,No,No,Yes,No,Maybe,Don't know,No,
2014-09-19 08:46:27,38,Female,Canada,,No,No,No,nan,6-25,No,Yes,Yes,Yes,No,No,Don't know,Very difficult,Maybe,Maybe,Yes,No,No,Yes,No,No,
2014-09-19 18:45:40,26,Male (CIS),United States,NC,No,No,Yes,Never,26-100,No,Yes,Yes,Not sure,No,Yes,Don't know,Don't know,No,No,Some of them,Some of them,Yes,No,Don't know,No,Our health plan has covered my psychotherapy and antidepressant medication. Manager has been discreet throughout.
2014-09-20 04:44:53,29,cis-female/femme,France,,No,No,No,Sometimes,26-100,No,No,Yes,No,No,No,Don't know,Very easy,Maybe,Maybe,No,Yes,No,No,Don't know,No,
2014-09-20 14:44:06,34,Male-ish,United States,MN,No,No,Yes,Never,100-500,No,Yes,Don't know,Not sure,No,Yes,Don't know,Don't know,Yes,No,Some of them,No,No,No,Yes,No,
2014-09-21 00:43:19,38,Female (trans),United States,TX,No,Yes,Yes,nan,More than 1000,No,No,Don't know,No,No,No,No,Don't know,Maybe,Maybe,No,No,No,Maybe,Don't know,No,
2014-09-21 10:42:32,28,female ,United Kingdom,,No,Yes,No,nan,26-100,No,Yes,Yes,No,No,No,Don't know,Don't know,Maybe,No,Some of them,Some of them,No,Maybe,Don't know,No,
2014-09-21 20:41:45,30,Enby,United States,NY,No,Yes,Yes,Sometimes,6-25,No,Yes,Don't know,No,Yes,No,Don't know,Don't know,Maybe,No,No,Yes,No,No,Don't know,No,
2014-09-22 06:40:58,24,Cis Male,United Kingdom,,No,No,No,Often,6-25,Yes,Yes,Don't know,No,No,No,Don't know,Don't know,No,No,Yes,Yes,No,Maybe,No,No,
2014-09-22 16:40:11,23,fluid,Canada,,No,No,No,Rarely,More than 1000,No,Yes,Yes,Not sure,Don't know,Yes,Yes,Don't know,Maybe,No,Some of them,No,No,Maybe,Yes,No,
2014-09-23 02:39:24,37,Agender,United States,IL,No,No,No,nan,26-100,No,Yes,Yes,Yes,No,No,Don't know,Somewhat easy,No,No,Some of them,Yes,No,No,Don't know,No,I openly discuss my mental health struggles to encourage others to seek treatment.
2014-09-23 12:38:37,41,f,United States,OR,No,Yes,No,Sometimes,More than 1000,No,Yes,Yes,No,No,No,Don't know,Very easy,No,Yes,Some of them,Some of them,No,Maybe,Don't know,No,
2014-09-23 22:37:50,31,Female ,United States,NC,No,No,Yes,Never,6-25,No,Yes,Don't know,Not sure,No,No,Don't know,Don't know,Maybe,No,Some of them,No,No,No,Yes,No,
2014-09-24 08:37:03,39,non-binary,United States,OH,No,No,Yes,nan,More than 1000,No,Yes,Yes,Not sure,Don't know,No,Don't know,Somewhat difficult,No,No,Some of them,Some of them,Maybe,Maybe,No,No,
2014-09-24 18:36:16,34,Male (CIS),Ireland,,No,No,No,Never,1-5,No,Yes,Yes,Not sure,No,No,Don't know,Don't know,Maybe,Maybe,Some of them,Some of them,No,Maybe,Don't know,No,
2014-09-25 04:35:29,27,f,Canada,,No,No,Yes,Never,26-100,No,Yes,Don't know,Not sure,Yes,No,Don't know,Don't know,No,No,Yes,Some of them,No,Maybe,Don't know,No,
2014-09-25 14:34:42,34,Female,United Kingdom,,No,Yes,Yes,Sometimes,More than 1000,No,Yes,Don't know,No,No,Yes,Don't know,Very easy,No,No,Some of them,No,No,Yes,Don't know,No,
2014-09-26 00:33:55,42,Cis Male,United Kingdom,,No,No,No,Sometimes,500-1000,No,Yes,Yes,Not sure,No,No,Yes,Somewhat easy,Yes,No,No,Some of them,No,Maybe,Yes,No,
2014-09-26 10:33:08,31,Guy (-ish) ^_^,United States,GA,No,No,No,Sometimes,26-100,Yes,Yes,Yes,Yes,Don't know,No,Don't know,Somewhat easy,Yes,Maybe,Yes,Yes,No,No,No,No,Working remote is empowering. I've seen negative consequences in previous workplaces.
2014-09-26 20:32:21,42,M,Australia,,Yes,Yes,Yes,nan,More than 1000,No,Yes,Don't know,Not sure,No,Don't know,Yes,Don't know,No,No,Yes,No,No,No,Don't know,Yes,
2014-09-27 06:31:34,18,Male,United Kingdom,,No,Yes,Yes,Sometimes,6-25,No,Yes,No,Not sure,Don't know,No,Don't know,Very easy,Maybe,No,No,No,No,Maybe,Don't know,No,
2014-09-27 16:30:47,37,Cis Male,United Kingdom,,Yes,No,No,Never,More than 1000,No,No,No,No,No,No,Don't know,Somewhat easy,No,Maybe,Some of them,Some of them,No,No,Don't know,No,
2014-09-28 02:30:00,32,Trans woman,Germany,,No,No,No,Rarely,6-25,No,Yes,Don't know,Not sure,No,Don't know,Don't know,Don't know,Maybe,Maybe,No,No,No,Yes,Don't know,No,
2014-09-28 12:29:13,29,Woman,United States,OR,No,No,Yes,Sometimes,500-1000,No,Yes,Yes,No,Don't know,No,Don't know,Don't know,Maybe,No,Some of them,Some of them,Maybe,No,Don't know,No,
2014-09-28 22:28:26,32,Trans woman,Canada,,No,Yes,Yes,Never,100-500,No,Yes,Yes,No,Yes,Don't know,Don't know,Very easy,No,Maybe,Yes,Some of them,No,Maybe,No,No,
2014-09-29 08:27:39,18,female,United States,GA,No,No,Yes,Often,100-500,No,Yes,No,No,No,No,Don't know,Somewhat easy,Maybe,Maybe,No,Some of them,No,No,Don't know,No,
2014-09-29 18:26:52,30,cis male,United States,OH,No,No,No,nan,100-500,No,No,Yes,Not sure,Yes,Don't know,Yes,Don't know,No,No,No,Some of them,No,No,No,No,Our health plan has covered my psychotherapy and antidepressant medication. Manager has been discreet throughout.
2014-09-30 04:26:05,34,f,United States,WA,No,No,Yes,Rarely,More than 1000,No,No,No,No,No,Yes,Yes,Don't know,No,Maybe,Some of them,Yes,No,Maybe,Don't know,No,
2014-09-30 14:25:18,42,female,Brazil,,No,No,No,Rarely,26-100,Yes,Yes,Don't know,Yes,Don't know,No,Yes,Don't know,Maybe,No,Some of them,Yes,No,Maybe,No,No,
2014-10-01 00:24:31,28,m,Germany,,No,Yes,No,Sometimes,1-5,No,Yes,Don't know,No,No,No,Don't know,Somewhat easy,Maybe,No,Yes,Some of them,Maybe,Maybe,Yes,Yes,
2014-10-01 10:23:44,26,female ,United Kingdom,,No,No,No,nan,500-1000,No,Yes,Yes,Not sure,No,No,Don't know,Somewhat difficult,Maybe,No,Yes,No,No,Maybe,Don't know,No,
2014-10-01 20:22:57,28,Man,United Kingdom,,No,Yes,Yes,Sometimes,More than 1000,Yes,Yes,Don't know,No,No,No,Don't know,Don't know,Maybe,No,Some of them,No,No,Maybe,No,No,
2014-10-02 06:22:10,38,female ,United States,NC,No,No,No,Often,1-5,No,Yes,Don't know,Not sure,No,Yes,Yes,Don't know,Maybe,No,Yes,Yes,No,No,Don't know,No,
2014-10-02 16:21:23,34,Femake,Ireland,,No,No,No,Sometimes,More than 1000,No,Yes,Yes,Not sure,No,Don't know,Don't know,Somewhat difficult,Maybe,Maybe,Some of them,Yes,Yes,Maybe,Yes,Yes,
2014-10-03 02:20:36,-1726,Cis Male,United States,IL,No,No,Yes,nan,More than 1000,No,Yes,Yes,Yes,No,No,Don't know,Somewhat easy,Maybe,No,No,Yes,No,Yes,No,No,Working remote is empowering. I've seen negative consequences in previous workplaces.
2014-10-03 12:19:49,35,male,United States,IN,No,No,Yes,Often,26-100,No,Yes,No,No,No,Don't know,Yes,Somewhat easy,Maybe,No,No,No,No,No,Don't know,No,
2014-10-03 22:19:02,32,Genderqueer,United States,MN,No,No,Yes,Often,6-25,No,Yes,Don't know,Yes,Yes,No,Don't know,Don't know,Maybe,No,Some of them,Yes,No,Yes,Yes,No,
2014-10-04 08:18:15,38,F,Canada,,No,No,No,Sometimes,6-25,Yes,Yes,Don't know,Not sure,No,Don't know,Don't know,Somewhat easy,Maybe,Maybe,Some of them,Yes,No,No,No,No,
2014-10-04 18:17:28,27,male,United Kingdom,,No,No,No,Never,26-100,No,Yes,Yes,Not sure,No,Don't know,Don't know,Somewhat easy,Maybe,No,No,No,No,Maybe,No,No,
2014-10-05 04:16:41,29,Female (trans),United States,OR,No,No,No,Rarely,More than 1000,No,No,No,No,No,Don't know,Don't know,Don't know,No,No,Some of them,No,No,No,Yes,No,
2014-10-05 14:15:54,29,male,United States,MA,No,No,Yes,Often,26-100,Yes,Yes,No,Not sure,Yes,No,Yes,Very difficult,Maybe,No,Some of them,Yes,No,No,Don't know,No,
2014-10-06 00:15:07,21,cis-female/femme,Germany,,No,No,Yes,Sometimes,26-100,Yes,Yes,Don't know,No,No,Don't know,Don't know,Somewhat difficult,No,Maybe,No,No,No,Maybe,Yes,No,
2014-10-06 10:14:20,34,Female (trans),United States,TN,No,Yes,No,nan,500-1000,No,No,Don't know,Yes,No,No,No,Very easy,Maybe,No,Yes,Some of them,No,Maybe,Yes,No,Thanks for doing this survey. It helps end the stigma!
2014-10-06 20:13:34,33,maile,United Kingdom,,No,No,No,nan,26-100,No,No,Don't know,Not sure,No,Don't know,Don't know,Somewhat easy,Maybe,Maybe,Some of them,No,No,Maybe,Yes,No,
2014-10-07 06:12:47,32,Cis Male,Brazil,,No,Yes,No,Sometimes,26-100,No,Yes,Don't know,No,No,No,Don't know,Somewhat easy,Yes,No,Some of them,Some of them,No,Maybe,No,No,
2014-10-07 16:12:00,30,m,United States,CA,No,No,No,nan,6-25,No,Yes,Yes,Not sure,No,No,Yes,Don't know,Maybe,No,Some of them,Some of them,No,Maybe,Don't know,No,
2014-10-08 02:11:13,22,cis male,United States,TX,No,Yes,Yes,Never,6-25,No,Yes,No,Yes,No,Don't know,Don't know,Don't know,Yes,No,No,Yes,No,Maybe,Don't know,No,
2014-10-08 12:10:26,29,m,United Kingdom,,No,No,No,Never,100-500,No,Yes,Don't know,Not sure,No,Yes,Don't know,Very easy,Maybe,Maybe,Some of them,Yes,No,Maybe,Yes,No,
2014-10-08 22:09:39,29,cis-female/femme,Canada,,No,No,No,Sometimes,More than 1000,Yes,Yes,Yes,No,No,No,Don't know,Somewhat easy,Yes,No,No,No,No,No,No,No,
2014-10-09 08:08:52,26,male,United States,IN,No,No,No,Rarely,100-500,No,No,Don't know,Yes,No,Yes,Don't know,Somewhat difficult,Maybe,No,No,No,No,Maybe,Yes,No,
2014-10-09 18:08:05,30,f,India,,No,No,Yes,Often,6-25,No,Yes,No,Not sure,No,Don't know,Yes,Don't know,Yes,No,Some of them,No,No,No,No,No,Thanks for doing this survey. It helps end the stigma!
2014-10-10 04:07:18,34,Female (trans),United States,TN,No,Yes,No,Never,More than 1000,No,Yes,Yes,No,No,Don't know,Yes,Somewhat easy,No,No,Some of them,Yes,No,No,No,No,
2014-10-10 14:06:31,45,Enby,United States,MN,No,Yes,Yes,Rarely,26-100,No,Yes,Yes,No,Yes,Yes,Yes,Somewhat easy,No,No,Yes,No,No,No,No,Yes,
2014-10-11 00:05:44,33,female ,United Kingdom,,No,Yes,Yes,Often,6-25,No,Yes,Don't know,Not sure,Yes,No,Yes,Somewhat easy,Maybe,Maybe,Some of them,Yes,No,Maybe,No,No,
2014-10-11 10:04:57,33,cis male,Germany,,No,No,Yes,Often,6-25,No,Yes,Yes,No,No,Yes,Don't know,Somewhat difficult,Yes,No,No,Some of them,No,No,No,No,
2014-10-11 20:04:10,31,female ,United States,TN,No,No,No,Sometimes,6-25,Yes,Yes,No,Not sure,No,No,Don't know,Very difficult,Maybe,No,Yes,Yes,No,Maybe,No,No,
2014-10-12 06:03:23,18,Cis Female,Canada,,No,No,No,nan,26-100,No,Yes,Yes,No,No,No,Yes,Don't know,No,No,Yes,Some of them,No,Maybe,Yes,No,
2014-10-12 16:02:36,31,female,United States,GA,No,Yes,Yes,Never,6-25,No,Yes,No,No,No,Don't know,No,Don't know,Maybe,No,Some of them,Yes,No,No,Don't know,No,
2014-10-13 02:01:49,32,Cis Male,United States,OH,Yes,Yes,Yes,Sometimes,500-1000,No,Yes,Yes,Not sure,No,Yes,Don't know,Don't know,Maybe,No,Some of them,Yes,No,Maybe,Don't know,No,I openly discuss my mental health struggles to encourage others to seek treatment.
2014-10-13 12:01:02,49,Androgyne,United States,MA,No,No,Yes,Sometimes,26-100,No,Yes,Yes,Yes,No,Yes,Don't know,Very easy,No,No,Yes,Yes,No,Maybe,Don't know,No,
2014-10-13 22:00:15,30,female,Germany,,No,No,No,Never,6-25,No,No,No,Yes,Yes,Don't know,Don't know,Don't know,Maybe,Maybe,No,Some of them,Maybe,Maybe,Don't know,No,
2014-10-14 07:59:28,34,Man,United States,MN,No,No,No,nan,6-25,Yes,Yes,Don't know,Yes,Yes,Don't know,Don't know,Very easy,Yes,No,Some of them,Yes,Yes,Maybe,Don't know,No,
2014-10-14 17:58:41,31,Guy (-ish) ^_^,United States,NC,No,No,Yes,Never,More than 1000,Yes,No,Yes,Not sure,No,No,Don't know,Don't know,Yes,No,Some of them,No,No,Maybe,No,No,
2014-10-15 03:57:54,23,Female,United States,OH,No,No,No,Often,6-25,No,Yes,Yes,No,No,Yes,Don't know,Somewhat easy,No,No,Some of them,Some of them,Maybe,Yes,Yes,No,
2014-10-15 13:57:07,39,Enby,Netherlands,,No,Yes,Yes,Sometimes,1-5,No,Yes,Don't know,Yes,Yes,No,Don't know,Very easy,No,No,Yes,No,No,Maybe,Don't know,No,
2014-10-15 23:56:20,37,Trans-female,United Kingdom,,No,No,Yes,Never,500-1000,Yes,Yes,Don't know,No,Yes,Don't know,Yes,Somewhat easy,No,Maybe,Some of them,Yes,Maybe,No,No,No,
2014-10-16 09:55:33,37,non-binary,Canada,,No,No,No,nan,26-100,No,Yes,No,Yes,Yes,Don't know,Yes,Somewhat easy,Maybe,Maybe,Yes,Some of them,Maybe,No,Yes,No,I openly discuss my mental health struggles to encourage others to seek treatment.
2014-10-16 19:54:46,25,Male,United States,PA,No,Yes,Yes,Often,26-100,No,No,No,No,No,Don't know,No,Don't know,No,No,Yes,Some of them,Yes,No,Don't know,No,
2014-10-17 05:53:59,41,Female,United Kingdom,,No,No,No,Sometimes,6-25,No,No,Don't know,No,No,No,Don't know,Don't know,Maybe,No,Yes,No,No,Yes,No,No,
2014-10-17 15:53:12,22,F,United States,NY,No,Yes,Yes,Never,More than 1000,Yes,Yes,Don't know,Yes,Don't know,Yes,Don't know,Somewhat easy,No,No,No,No,No,Yes,Don't know,Yes,
2014-10-18 01:52:25,36,Male,Germany,,No,No,Yes,Sometimes,26-100,No,Yes,Don't know,No,No,Don't know,Don't know,Somewhat easy,Yes,No,Yes,Some of them,No,No,Yes,No,
2014-10-18 11:51:38,47,Make,Australia,,No,Yes,Yes,Never,26-100,Yes,Yes,Don't know,No,No,Yes,Don't know,Somewhat difficult,Yes,No,Some of them,Some of them,No,Yes,Don't know,No,
2014-10-18 21:50:51,25,non-binary,United States,TX,No,No,Yes,Often,6-25,Yes,No,Yes,Yes,No,No,Don't know,Somewhat difficult,No,Maybe,Some of them,No,No,Maybe,Yes,No,
2014-10-19 07:50:04,28,Cis Male,United Kingdom,,No,Yes,No,Often,More than 1000,No,Yes,Yes,Yes,Yes,Don't know,Yes,Somewhat difficult,Yes,No,Yes,Some of them,Maybe,No,No,No,
2014-10-19 17:49:17,32,Cis Female,United States,MI,Yes,No,No,Sometimes,26-100,Yes,Yes,Yes,Not sure,Yes,Don't know,Don't know,Don't know,Maybe,No,Some of them,Yes,No,Yes,Don't know,No,I openly discuss my mental health struggles to encourage others to seek treatment.
2014-10-20 03:48:30,28,Man,United States,NY,No,No,No,nan,6-25,Yes,Yes,Yes,Yes,No,Don't know,No,Very easy,Maybe,No,Some of them,Yes,No,No,No,No,
2014-10-20 13:47:43,21,Male,United States,CA,No,No,No,Rarely,100-500,No,Yes,Yes,No,Yes,Yes,Yes,Don't know,No,No,Some of them,Yes,No,Yes,Don't know,No,
2014-10-20 23:46:56,32,maile,United States,GA,No,No,Yes,Never,More than 1000,No,No,Don't know,Yes,No,No,Yes,Don't know,Maybe,No,Some of them,Yes,No,Maybe,Yes,No,
2014-10-21 09:46:09,24,Female (trans),United States,PA,No,No,No,Never,1-5,No,Yes,No,No,Don't know,No,Yes,Don't know,No,No,No,No,Maybe,Maybe,No,No,
2014-10-21 19:45:22,35,Genderqueer,United Kingdom,,No,Yes,No,Rarely,6-25,No,Yes,Don't know,Not sure,No,No,Don't know,Don't know,Maybe,Maybe,No,No,Maybe,Yes,No,No,
2014-10-22 05:44:35,25,Trans woman,United States,IL,No,Yes,Yes,Rarely,100-500,No,Yes,Yes,Not sure,No,No,Yes,Don't know,No,No,Some of them,Yes,No,Maybe,Don't know,No,
2014-10-22 15:43:48,42,f,United Kingdom,,No,Yes,Yes,Never,More than 1000,No,Yes,Yes,Yes,No,Yes,Don't know,Somewhat easy,Maybe,No,Yes,Yes,No,No,Don't know,No,
2014-10-23 01:43:01,26,m,United States,GA,No,No,Yes,Never,6-25,No,Yes,Don't know,Yes,No,No,Yes,Very difficult,No,No,Some of them,Yes,No,Maybe,Yes,No,Working remote is empowering. I've seen negative consequences in previous workplaces.
2014-10-23 11:42:14,29,Cis Female,United States,CA,No,No,No,Sometimes,100-500,Yes,Yes,Yes,No,No,No,Don't know,Don't know,No,Yes,No,Some of them,No,No,Don't know,No,
2014-10-23 21:41:27,37,F,Canada,,Yes,No,No,nan,26-100,No,No,Don't know,Yes,No,No,Don't know,Somewhat difficult,Maybe,Yes,Some of them,Some of them,No,Yes,Yes,No,
2014-10-24 07:40:40,23,fluid,United States,CA,No,No,Yes,Rarely,1-5,No,Yes,No,Not sure,Yes,Don't know,Don't know,Don't know,Maybe,Maybe,No,Yes,No,Maybe,No,Yes,
2014-10-24 17:39:53,33,m,United States,WA,No,Yes,Yes,Sometimes,6-25,No,Yes,Yes,No,No,No,Don't know,Don't know,Maybe,Maybe,Some of them,Some of them,No,Maybe,Yes,No,
2014-10-25 03:39:06,41,f,United Kingdom,,No,Yes,Yes,Often,More than 1000,No,Yes,Yes,No,No,No,Don't know,Somewhat easy,No,No,Some of them,Yes,No,Maybe,Don't know,No,
2014-10-25 13:38:19,20,Cis Male,United States,NC,No,Yes,Yes,nan,26-100,No,Yes,Don't know,Yes,No,No,Don't know,Very easy,Yes,Maybe,Yes,No,No,Yes,Yes,No,
2014-10-25 23:37:32,-1,Male-ish,United States,TX,No,No,No,nan,500-1000,No,No,No,Yes,No,No,Yes,Don't know,Maybe,Yes,Some of them,Some of them,No,No,No,No,
2014-10-26 09:36:45,33,Trans-female,United States,OH,No,Yes,Yes,Sometimes,26-100,No,Yes,No,No,No,Yes,Don't know,Don't know,No,No,Yes,Yes,No,Maybe,Yes,No,In small startups it is hard to keep mental health issues private.
2014-10-26 19:35:58,37,F,Ireland,,No,Yes,Yes,Sometimes,500-1000,Yes,Yes,No,Not sure,Don't know,No,Don't know,Somewhat easy,Maybe,No,No,No,No,Maybe,Yes,Yes,
2014-10-27 05:35:12,23,Guy (-ish) ^_^,United Kingdom,,No,No,No,Never,1-5,Yes,Yes,Yes,No,No,Don't know,Don't know,Don't know,Maybe,No,Some of them,Yes,Yes,No,Don't know,Yes,
2014-10-27 15:34:25,22,Female,United Kingdom,,No,No,No,Sometimes,26-100,No,Yes,No,No,No,Yes,Don't know,Very easy,No,No,No,Yes,No,No,Don't know,No,
2014-10-28 01:33:38,35,F,United Kingdom,,No,Yes,Yes,nan,100-500,Yes,Yes,Yes,Yes,Don't know,Don't know,Don't know,Somewhat easy,Maybe,No,Some of them,No,No,Maybe,Don't know,No,
2014-10-28 11:32:51,34,Genderqueer,United States,MA,Yes,Yes,Yes,Sometimes,500-1000,Yes,No,Yes,No,No,Yes,Yes,Don't know,Yes,No,Some of them,Some of them,No,Maybe,Yes,No,
2014-10-28 21:32:04,33,Androgyne,United States,NC,No,Yes,No,Sometimes,26-100,No,Yes,No,Yes,No,Yes,Don't know,Somewhat difficult,Maybe,No,Yes,No,Maybe,No,Don't know,No,
2014-10-29 07:31:17,34,Trans woman,Canada,,No,No,No,Never,26-100,Yes,Yes,No,No,Yes,No,Don't know,Don't know,No,Yes,Some of them,Some of them,No,No,Yes,No,
2014-10-29 17:30:30,27,Genderqueer,United States,NY,No,No,No,Never,More than 1000,Yes,Yes,Yes,No,No,Don't know,Don't know,Very easy,Yes,No,No,Some of them,No,Yes,Yes,No,In small startups it is hard to keep mental health issues private.
2014-10-30 03:29:43,33,cis male,United States,CA,No,Yes,Yes,nan,26-100,No,Yes,Yes,No,No,No,Don't know,Very easy,No,Maybe,Some of them,Yes,No,No,No,No,
2014-10-30 13:28:56,34,cis-female/femme,United States,NY,No,Yes,Yes,Never,6-25,No,Yes,Yes,Not sure,Yes,No,Don't know,Very difficult,Yes,No,No,Yes,No,No,Don't know,Yes,
2014-10-30 23:28:09,26,female,United States,IN,No,No,Yes,Sometimes,6-25,No,No,Yes,Yes,No,Yes,Yes,Somewhat easy,No,No,Some of them,No,No,No,No,No,
2014-10-31 09:27:22,45,maile,Sweden,,No,No,Yes,Sometimes,26-100,No,Yes,Yes,Not sure,No,No,Don't know,Somewhat easy,Maybe,No,Some of them,No,No,Yes,Yes,No,
2014-10-31 19:26:35,35,fluid,United States,NY,No,Yes,No,Never,26-100,Yes,Yes,No,No,Yes,Don't know,Don't know,Don't know,Maybe,No,Yes,Yes,Maybe,Maybe,Don't know,No,
2014-11-01 05:25:48,23,male,United States,IL,No,No,Yes,Sometimes,6-25,No,Yes,Don't know,Yes,No,Don't know,Don't know,Very easy,No,No,Some of them,Some of them,No,Maybe,Don't know,No,
2014-11-01 15:25:01,36,Androgyne,United States,MN,No,Yes,Yes,Rarely,1-5,Yes,No,No,Yes,No,No,Don't know,Somewhat easy,Yes,No,No,Some of them,No,Maybe,Yes,No,
2014-11-02 01:24:14,25,F,Brazil,,No,Yes,Yes,Rarely,100-500,Yes,Yes,No,Not sure,Yes,Yes,Yes,Don't know,Maybe,No,Some of them,No,Maybe,Yes,Don't know,No,In small startups it is hard to keep mental health issues private.
2014-11-02 11:23:27,37,female ,United States,IN,nan,No,No,Often,6-25,No,No,Don't know,Yes,Yes,No,Don't know,Somewhat difficult,No,No,Some of them,No,No,No,Don't know,No,
2014-11-02 21:22:40,40,Femake,United States,IN,No,No,Yes,nan,More than 1000,No,Yes,No,Yes,No,No,Don't know,Don't know,Maybe,No,No,Yes,No,Maybe,Don't know,No,
2014-11-03 07:21:53,26,Androgyne,United Kingdom,,Yes,No,No,nan,More than 1000,No,No,Don't know,No,No,Yes,Yes,Somewhat difficult,Maybe,No,Some of them,No,No,No,Don't know,No,
2014-11-03 17:21:06,38,female ,United Kingdom,,No,No,No,nan,500-1000,No,Yes,Yes,Yes,Yes,No,Don't know,Somewhat difficult,No,No,Some of them,Some of them,Maybe,Maybe,No,No,
2014-11-04 03:20:19,34,female ,United States,TX,No,No,Yes,Sometimes,6-25,No,Yes,Don't know,Yes,Don't know,Don't know,Yes,Somewhat easy,Yes,No,Yes,Some of them,No,Maybe,Yes,No,
2014-11-04 13:19:32,37,M,United States,NC,No,No,Yes,Sometimes,26-100,No,Yes,Don't know,Not sure,No,Don't know,Don't know,Somewhat easy,Yes,No,Yes,Yes,No,Maybe,Yes,No,
2014-11-04 23:18:45,45,Cis Female,United States,TX,No,No,No,Sometimes,1-5,No,Yes,No,No,No,No,Don't know,Don't know,No,No,Some of them,No,No,No,No,No,
2014-11-05 09:17:58,30,Cis Male,United States,OR,No,No,Yes,nan,1-5,Yes,Yes,No,No,No,Yes,Yes,Very difficult,Maybe,No,Some of them,No,Maybe,No,Yes,No,Thanks for doing this survey. It helps end the stigma!
2014-11-05 19:17:11,26,Trans-female,United States,TN,No,No,Yes,nan,100-500,No,Yes,Don't know,Yes,Yes,Don't know,Yes,Don't know,No,No,No,Yes,Maybe,No,Yes,Yes,
2014-11-06 05:16:24,25,f,United States,TX,No,Yes,No,nan,100-500,No,Yes,No,No,Yes,No,Don't know,Somewhat easy,Yes,No,Yes,Yes,No,Yes,Don't know,No,
2014-11-06 15:15:37,26,cis-female/femme,United States,NY,No,No,No,Sometimes,6-25,No,Yes,Yes,No,Yes,No,Yes,Very easy,Yes,No,Yes,No,No,Maybe,Yes,No,
2014-11-07 01:14:50,31,male,United States,OH,No,No,No,nan,More than 1000,Yes,No,No,Not sure,Yes,Yes,Don't know,Very difficult,No,No,Yes,No,No,No,Don't know,No,
2014-11-07 11:14:03,34,M,United Kingdom,,No,No,No,Never,26-100,No,Yes,Yes,Yes,No,No,Don't know,Very easy,Yes,No,Some of them,Yes,No,Maybe,Don't know,No,
2014-11-07 21:13:16,33,Trans-female,India,,No,Yes,No,Sometimes,6-25,No,No,Yes,Not sure,No,Yes,Don't know,Somewhat easy,Maybe,No,Yes,Yes,Maybe,Maybe,Don't know,No,
2014-11-08 07:12:29,37,M,United Kingdom,,No,No,Yes,Never,100-500,Yes,Yes,Yes,Not sure,Don't know,No,Don't know,Don't know,Maybe,Maybe,Yes,Yes,No,Maybe,Don't know,No,
2014-11-08 17:11:42,32,M,United States,NY,No,No,Yes,Sometimes,6-25,No,Yes,Don't know,No,Don't know,Don't know,Yes,Don't know,Yes,Maybe,Some of them,Yes,No,No,Don't know,No,Thanks for doing this survey. It helps end the stigma!
2014-11-09 03:10:55,42,Male,United States,OH,No,Yes,Yes,Rarely,More than 1000,No,Yes,Yes,Yes,No,Yes,Don't know,Don't know,Maybe,No,Some of them,No,No,Maybe,Don't know,No,
2014-11-09 13:10:08,30,Trans woman,France,,No,No,Yes,Sometimes,1-5,No,Yes,No,No,No,No,Don't know,Somewhat difficult,Maybe,Maybe,Some of them,Yes,No,Maybe,No,No,
2014-11-09 23:09:21,51,Trans-female,United States,MN,nan,Yes,Yes,Never,6-25,Yes,No,Yes,Not sure,Yes,Don't know,Yes,Very easy,Maybe,No,No,Yes,No,No,Don't know,No,
2014-11-10 09:08:34,36,Male-ish,United States,NC,No,Yes,No,Rarely,500-1000,No,Yes,No,Yes,No,Don't know,Don't know,Very easy,No,No,Some of them,Some of them,No,Maybe,No,No,
2014-11-10 19:07:47,25,cis male,United States,MN,No,No,No,nan,500-1000,No,No,No,No,No,Don't know,Don't know,Somewhat easy,No,Yes,Some of them,Yes,No,No,Yes,No,
2014-11-11 05:07:00,24,Male-ish,United Kingdom,,No,No,No,Rarely,More than 1000,No,No,Yes,No,No,Don't know,Don't know,Somewhat easy,Yes,Maybe,Some of them,No,No,Maybe,Yes,Yes,
2014-11-11 15:06:13,35,Genderqueer,United Kingdom,,Yes,No,Yes,Never,6-25,Yes,Yes,Don't know,Yes,Don't know,Don't know,Don't know,Don't know,Maybe,No,Some of them,Some of them,No,Maybe,Don't know,No,
2014-11-12 01:05:26,30,Femake,United States,NC,No,Yes,Yes,nan,26-100,No,No,No,No,No,Don't know,Yes,Don't know,Yes,No,Some of them,No,No,Maybe,No,No,In small startups it is hard to keep mental health issues private.
2014-11-12 11:04:39,36,Male (CIS),United States,NC,No,No,No,nan,26-100,No,Yes,Don't know,No,Yes,Yes,Don't know,Don't know,No,No,No,No,Yes,Maybe,Don't know,No,
2014-11-12 21:03:52,35,Male (CIS),India,,No,Yes,No,Sometimes,26-100,Yes,No,Don't know,Not sure,No,Don't know,Don't know,Very easy,Maybe,No,Some of them,No,No,Maybe,Yes,No,
2014-11-13 07:03:05,31,m,United States,IN,Yes,Yes,Yes,Never,26-100,No,Yes,Don't know,Not sure,No,No,Yes,Don't know,Yes,No,Yes,Yes,Yes,No,Yes,No,
2014-11-13 17:02:18,26,Femake,United Kingdom,,No,Yes,Yes,Sometimes,500-1000,Yes,Yes,Don't know,No,No,Yes,Don't know,Very easy,No,No,Yes,No,No,No,Don't know,No,
2014-11-14 03:01:31,21,non-binary,United Kingdom,,No,No,Yes,Sometimes,6-25,Yes,No,No,Yes,Don't know,No,Don't know,Very easy,No,Maybe,Yes,No,Maybe,Maybe,Don't know,No,
2014-11-14 13:00:44,28,Make,United Kingdom,,No,No,No,Rarely,100-500,Yes,Yes,Yes,Not sure,Yes,No,Yes,Somewhat easy,Maybe,No,No,Yes,No,Maybe,Don't know,No,
2014-11-14 22:59:57,37,Male,United States,OR,No,No,Yes,nan,6-25,No,Yes,Don't know,No,Don't know,No,Don't know,Don't know,No,Maybe,Some of them,No,No,No,No,No,
2014-11-15 08:59:10,33,M,United States,OH,No,No,Yes,Sometimes,More than 1000,No,Yes,Yes,Not sure,Yes,No,Don't know,Don't know,No,No,Some of them,Some of them,No,Maybe,No,No,I openly discuss my mental health struggles to encourage others to seek treatment.
2014-11-15 18:58:23,23,Female (trans),United States,IN,Yes,Yes,No,nan,1-5,Yes,Yes,No,No,No,No,Don't know,Don't know,Yes,No,Some of them,Yes,No,Maybe,No,No,
2014-11-16 04:57:37,33,cis male,Germany,,No,No,No,nan,26-100,Yes,Yes,No,Yes,No,No,Don't know,Very easy,Yes,No,Yes,No,Yes,No,Don't know,No,
2014-11-16 14:56:50,34,non-binary,Ireland,,No,No,No,nan,6-25,No,No,Yes,Yes,No,No,Don't know,Don't know,Maybe,No,Some of them,No,No,No,Don't know,Yes,
2014-11-17 00:56:03,25,female ,United States,TX,No,No,Yes,Sometimes,More than 1000,Yes,Yes,Yes,Yes,No,Don't know,Don't know,Somewhat difficult,Yes,No,Some of them,Some of them,No,No,Don't know,No,
2014-11-17 10:55:16,33,Guy (-ish) ^_^,United States,GA,No,Yes,Yes,nan,100-500,No,Yes,Yes,Not sure,Yes,No,Yes,Very easy,Yes,No,No,Some of them,No,No,No,No,
2014-11-17 20:54:29,32,Man,Ireland,,No,No,No,Sometimes,100-500,No,Yes,Don't know,No,Don't know,No,Don't know,Don't know,Maybe,No,Yes,Some of them,No,Maybe,Don't know,No,
2014-11-18 06:53:42,23,m,United Kingdom,,No,No,No,Rarely,26-100,No,Yes,Don't know,No,Yes,No,Don't know,Very easy,No,No,No,Yes,No,Maybe,Don't know,No,
2014-11-18 16:52:55,34,female ,Netherlands,,No,No,No,Sometimes,26-100,Yes,Yes,No,Yes,No,No,Yes,Very easy,No,No,No,Yes,No,Maybe,No,No,Our health plan has covered my psychotherapy and antidepressant medication. Manager has been discreet throughout.
2014-11-19 02:52:08,35,Genderqueer,United States,IL,No,No,No,Sometimes,500-1000,No,Yes,Don't know,Not sure,No,No,Don't know,Very easy,No,No,Some of them,Yes,No,No,Yes,Yes,
2014-11-19 12:51:21,39,female ,United States,NC,No,Yes,No,Often,1-5,No,No,Yes,No,No,Don't know,Yes,Don't know,No,No,Some of them,No,No,Yes,Yes,No,
2014-11-19 22:50:34,39,Cis Female,United Kingdom,,No,No,Yes,Never,26-100,Yes,Yes,No,Not sure,No,Yes,Don't know,Don't know,No,No,Some of them,No,No,Maybe,Don't know,No,
2014-11-20 08:49:47,22,male,United Kingdom,,Yes,Yes,Yes,Sometimes,1-5,No,Yes,Don't know,No,No,Yes,Don't know,Don't know,Maybe,No,Yes,Some of them,No,Maybe,Yes,No,
2014-11-20 18:49:00,5,Female (trans),United States,OH,nan,No,Yes,Sometimes,26-100,No,No,Don't know,No,No,Yes,Yes,Don't know,No,Maybe,Some of them,No,No,Maybe,No,No,
2014-11-21 04:48:13,35,Genderqueer,United States,MN,No,No,No,Rarely,26-100,No,Yes,Yes,Not sure,No,No,Don't know,Very easy,No,No,Some of them,No,Maybe,Maybe,Yes,No,
2014-11-21 14:47:26,35,cis male,United States,NY,Yes,Yes,Yes,Sometimes,6-25,No,Yes,Don't know,No,No,No,No,Very easy,Maybe,No,Yes,No,No,Maybe,Don't know,No,
2014-11-22 00:46:39,35,Female (trans),United States,MA,No,No,Yes,nan,26-100,No,Yes,No,Yes,No,No,Don't know,Very difficult,No,No,Some of them,Yes,No,No,Don't know,Yes,In small startups it is hard to keep mental health issues private.
2014-11-22 10:45:52,58,Female ,United States,TX,Yes,No,No,Sometimes,More than 1000,Yes,No,Don't know,No,No,Don't know,Don't know,Don't know,Yes,No,Yes,No,No,Yes,Don't know,No,
2014-11-22 20:45:05,35,Female ,France,,No,Yes,Yes,Sometimes,6-25,No,Yes,Yes,No,No,No,Don't know,Don't know,No,No,Yes,No,No,Maybe,Yes,No,
2014-11-23 06:44:18,39,non-binary,United States,MA,No,No,No,Never,26-100,Yes,Yes,Don't know,Yes,No,Don't know,Don't know,Very easy,Yes,No,No,Some of them,No,Maybe,Don't know,No,
2014-11-23 16:43:31,38,Enby,Germany,,No,Yes,Yes,Never,100-500,No,Yes,No,Yes,No,No,Yes,Don't know,Yes,Maybe,Some of them,Yes,No,Maybe,Yes,No,
2014-11-24 02:42:44,36,Femake,United States,PA,No,No,Yes,Sometimes,100-500,No,Yes,Yes,Yes,No,No,Yes,Don't know,Maybe,No,Some of them,Some of them,No,Maybe,Yes,No,
2014-11-24 12:41:57,29,m,United Kingdom,,No,No,No,Sometimes,More than 1000,No,Yes,Don't know,Yes,No,Yes,Yes,Somewhat easy,Maybe,No,Yes,No,No,Maybe,No,No,
2014-11-24 22:41:10,37,Male-ish,Brazil,,No,No,No,nan,1-5,No,Yes,No,No,No,Don't know,Don't know,Don't know,Yes,No,Yes,Yes,No,No,Don't know,Yes,
2014-11-25 08:40:23,26,Agender,United States,PA,No,No,No,Rarely,6-25,No,Yes,Yes,Yes,No,Yes,Don't know,Somewhat easy,No,No,Some of them,Yes,No,Maybe,No,No,Our health plan has covered my psychotherapy and antidepressant medication. Manager has been discreet throughout.
2014-11-25 18:39:36,30,Man,United States,NY,No,No,No,Sometimes,More than 1000,No,Yes,No,Not sure,Don't know,Don't know,Yes,Don't know,Yes,No,Some of them,Yes,No,Yes,Yes,No,
2014-11-26 04:38:49,28,Guy (-ish) ^_^,United States,PA,Yes,No,Yes,Never,100-500,No,Yes,Don't know,Not sure,No,Yes,Don't know,Somewhat easy,Yes,Maybe,Some of them,No,No,No,Don't know,No,
2014-11-26 14:38:02,32,female,United States,TN,No,Yes,Yes,nan,More than 1000,No,Yes,Don't know,No,Don't know,Don't know,Yes,Somewhat difficult,Maybe,Maybe,Yes,Yes,No,No,No,Yes,
2014-11-27 00:37:15,48,female,United Kingdom,,No,No,No,Sometimes,26-100,No,Yes,Yes,No,No,Yes,Don't know,Don't know,No,Maybe,Some of them,No,No,Maybe,Don't know,No,
2014-11-27 10:36:28,18,female ,Australia,,nan,No,No,Sometimes,6-25,No,No,Yes,Not sure,No,No,Don't know,Very difficult,Maybe,No,Some of them,Some of them,No,No,Yes,No,
2014-11-27 20:35:41,36,Trans woman,United States,MN,No,Yes,Yes,Often,1-5,Yes,Yes,Don't know,Yes,Don't know,Don't know,Yes,Somewhat easy,Maybe,Maybe,No,No,Maybe,No,Don't know,No,
2014-11-28 06:34:54,20,maile,United States,NC,nan,No,No,Rarely,More than 1000,No,Yes,Yes,Yes,No,Don't know,Yes,Very difficult,Maybe,No,Some of them,Some of them,No,Maybe,Yes,No,
2014-11-28 16:34:07,28,m,United States,IN,No,No,Yes,Rarely,1-5,No,No,Don't know,Not sure,Don't know,No,Yes,Don't know,Maybe,Maybe,Yes,Yes,Yes,Maybe,Yes,No,In small startups it is hard to keep mental health issues private.
2014-11-29 02:33:20,39,Man,United Kingdom,,No,No,No,Sometimes,More than 1000,Yes,Yes,Yes,No,No,Yes,Don't know,Somewhat easy,No,Maybe,Some of them,No,No,Yes,Don't know,No,
2014-11-29 12:32:33,32,Androgyne,United States,OR,No,Yes,Yes,Sometimes,More than 1000,Yes,Yes,Yes,Yes,No,Yes,Don't know,Don't know,No,No,Some of them,Yes,No,Maybe,Yes,No,
2014-11-29 22:31:46,24,Femake,United States,TX,nan,Yes,No,Rarely,100-500,No,Yes,No,Not sure,Don't know,No,Don't know,Very easy,Maybe,No,Some of them,Some of them,No,Maybe,Yes,No,
2014-11-30 08:30:59,26,Make,United Kingdom,,No,Yes,Yes,Sometimes,More than 1000,No,Yes,Don't know,Yes,No,No,Don't know,Somewhat easy,No,No,Some of them,Yes,No,Maybe,No,No,
2014-11-30 18:30:12,36,Enby,United Kingdom,,Yes,No,No,Never,26-100,No,No,No,No,No,No,Don't know,Somewhat easy,No,No,Some of them,No,No,Maybe,Don't know,No,
2014-12-01 04:29:25,26,fluid,United States,MA,No,Yes,Yes,Rarely,More than 1000,No,Yes,Yes,No,No,Yes,Yes,Somewhat difficult,No,No,Some of them,No,No,Maybe,Don't know,No,
2014-12-01 14:28:38,33,fluid,United Kingdom,,No,No,Yes,Sometimes,100-500,Yes,Yes,Don't know,No,No,Don't know,Don't know,Don't know,No,Yes,Some of them,No,No,Maybe,Yes,No,
2014-12-02 00:27:51,32,Agender,United States,NY,Yes,Yes,No,nan,26-100,Yes,Yes,Yes,Not sure,No,No,Don't know,Don't know,Maybe,No,Yes,Some of them,No,No,Don't know,No,Our health plan has covered my psychotherapy and antidepressant medication. Manager has been discreet throughout.
2014-12-02 10:27:04,27,maile,United States,TN,No,No,No,nan,26-100,No,Yes,No,No,No,Don't know,Don't know,Somewhat easy,No,No,Some of them,Yes,No,Maybe,Yes,No,
2014-12-02 20:26:17,47,non-binary,Netherlands,,No,Yes,Yes,Often,6-25,Yes,Yes,No,No,Don't know,No,Yes,Somewhat easy,Yes,No,Yes,Yes,No,No,Don't know,No,
2014-12-03 06:25:30,36,F,United Kingdom,,No,No,Yes,Sometimes,1-5,No,Yes,Yes,Not sure,Don't know,Don't know,Don't know,Don't know,Maybe,Maybe,No,Some of them,Maybe,No,Don't know,No,
2014-12-03 16:24:43,18,fluid,United States,NY,No,Yes,No,Sometimes,6-25,No,Yes,No,No,No,No,Yes,Somewhat easy,Maybe,No,Some of them,No,No,Maybe,No,No,
2014-12-04 02:23:56,33,Trans-female,United States,IN,No,No,Yes,Never,More than 1000,Yes,Yes,Yes,No,Yes,No,No,Very difficult,No,No,Some of them,Yes,No,No,No,No,
2014-12-04 12:23:09,27,Genderqueer,United States,GA,Yes,Yes,Yes,Sometimes,26-100,No,No,Don't know,No,No,Don't know,Yes,Very easy,Maybe,No,Some of them,Yes,Yes,No,Yes,Yes,
2014-12-04 22:22:22,37,Femake,United States,GA,No,No,No,nan,26-100,Yes,Yes,No,No,No,No,No,Don't know,Maybe,No,Some of them,Some of them,No,No,No,Yes,
2014-12-05 08:21:35,26,Male (CIS),United States,TN,No,No,Yes,Sometimes,More than 1000,Yes,Yes,No,Yes,Yes,No,Yes,Don't know,Yes,No,Some of them,Some of them,No,No,Yes,No,I openly discuss my mental health struggles to encourage others to seek treatment.
2014-12-05 18:20:48,31,Cis Female,United States,MI,No,Yes,No,Never,6-25,No,Yes,No,Not sure,Don't know,No,Don't know,Very difficult,Maybe,No,Some of them,No,Yes,No,Yes,No,
2014-12-06 04:20:02,35,Female (trans),United States,MN,Yes,No,No,Sometimes,More than 1000,No,Yes,Yes,Not sure,Don't know,No,Don't know,Very easy,Maybe,Maybe,No,Some of them,No,Maybe,No,No,
2014-12-06 14:19:15,38,Trans woman,United Kingdom,,No,No,No,Rarely,100-500,No,Yes,Yes,Yes,No,No,Don't know,Somewhat difficult,Yes,Yes,Some of them,No,No,No,Yes,No,
2014-12-07 00:18:28,23,male,United Kingdom,,No,Yes,Yes,Sometimes,1-5,No,Yes,Yes,Yes,No,Yes,Don't know,Don't know,No,No,Some of them,Yes,No,Maybe,Yes,No,
2014-12-07 10:17:41,29,Male (CIS),United Kingdom,,No,No,No,Never,6-25,No,Yes,Don't know,Yes,Yes,Yes,Yes,Very easy,No,No,Some of them,Yes,No,No,Don't know,No,
2014-12-07 20:16:54,28,Cis Male,United States,PA,No,Yes,Yes,Sometimes,1-5,No,Yes,No,No,No,Yes,Don't know,Very easy,Maybe,Maybe,No,No,No,Maybe,No,No,
2014-12-08 06:16:07,27,Trans-female,France,,No,No,No,nan,More than 1000,Yes,No,Yes,No,Don't know,Yes,Yes,Don't know,No,No,Some of them,No,No,No,Don't know,No,
2014-12-08 16:15:20,44,Enby,Germany,,No,No,No,Sometimes,1-5,No,Yes,Don't know,Not sure,No,No,Don't know,Somewhat easy,No,No,Yes,Some of them,No,No,Don't know,No,Thanks for doing this survey. It helps end the stigma!
2014-12-09 02:14:33,34,Man,Canada,,No,Yes,Yes,nan,More than 1000,No,Yes,Yes,No,Yes,No,Don't know,Somewhat easy,Maybe,No,Some of them,No,No,No,Don't know,No,
2014-12-09 12:13:46,23,f,Canada,,No,No,No,nan,More than 1000,No,Yes,Yes,No,No,No,No,Somewhat easy,No,No,Yes,Some of them,No,No,Don't know,No,
2014-12-09 22:12:59,38,fluid,Ireland,,No,No,No,Sometimes,1-5,Yes,Yes,Don't know,Yes,No,Yes,Don't know,Somewhat difficult,Maybe,No,Some of them,No,No,Yes,Don't know,No,
2014-12-10 08:12:12,46,Trans-female,United States,PA,Yes,No,Yes,Often,1-5,No,Yes,Don't know,Yes,No,Don't know,Yes,Somewhat difficult,Yes,No,Yes,No,No,No,No,No,
2014-12-10 18:11:25,39,Cis Female,United States,MN,No,No,Yes,Sometimes,26-100,No,No,No,No,Don't know,No,Yes,Somewhat difficult,No,Yes,No,Yes,Maybe,Maybe,Yes,No,
2014-12-11 04:10:38,21,Female ,United Kingdom,,Yes,No,No,nan,26-100,Yes,Yes,Yes,No,Don't know,No,Don't know,Very easy,No,No,Some of them,No,No,Yes,Don't know,No,
2014-12-11 14:09:51,28,f,United Kingdom,,No,No,No,Never,26-100,No,Yes,No,No,No,No,Don't know,Somewhat easy,No,No,Some of them,Some of them,Maybe,No,No,No,
2014-12-12 00:09:04,40,cis male,United Kingdom,,No,No,Yes,Sometimes,26-100,No,Yes,Yes,Yes,Don't know,Don't know,Don't know,Don't know,No,No,Some of them,Yes,No,No,Yes,No,In small startups it is hard to keep mental health issues private.
2014-12-12 10:08:17,27,Woman,United States,MN,No,No,Yes,Sometimes,26-100,Yes,No,Yes,No,No,Yes,Yes,Somewhat difficult,No,Maybe,Yes,Some of them,No,Yes,Yes,No,
2014-12-12 20:07:30,35,cis-female/femme,United States,OH,No,No,Yes,Sometimes,26-100,No,Yes,Don't know,Yes,No,No,Don't know,Somewhat easy,No,No,No,Some of them,No,Maybe,Don't know,Yes,
2014-12-13 06:06:43,37,Androgyne,United States,WA,No,No,No,nan,1-5,Yes,Yes,No,Yes,No,Yes,Don't know,Don't know,Maybe,No,Some of them,No,No,Maybe,No,No,
2014-12-13 16:05:56,25,female ,Australia,,No,No,No,Sometimes,6-25,No,Yes,Yes,Not sure,No,No,Yes,Somewhat easy,No,No,Some of them,Yes,No,No,Don't know,No,
2014-12-14 02:05:09,31,non-binary,United States,MN,No,No,No,Rarely,More than 1000,No,Yes,Yes,No,No,Don't know,Don't know,Don't know,Maybe,No,Some of them,Yes,Yes,No,Don't know,No,
2014-12-14 12:04:22,18,Cis Male,United States,NY,No,No,No,Never,6-25,Yes,Yes,Don't know,No,No,Yes,Yes,Very easy,Yes,No,Some of them,Yes,No,No,Don't know,No,
2014-12-14 22:03:35,24,F,United States,OH,Yes,No,Yes,nan,26-100,No,Yes,Yes,Yes,Don't know,Yes,Yes,Don't know,Yes,Maybe,No,Yes,Maybe,No,Yes,No,
2014-12-15 08:02:48,30,Male,United States,MI,No,Yes,Yes,Sometimes,6-25,Yes,No,No,Yes,Don't know,No,Yes,Don't know,Maybe,No,Some of them,No,No,No,Yes,No,In small startups it is hard to keep mental health issues private.
2014-12-15 18:02:01,23,maile,Netherlands,,No,No,No,Never,26-100,Yes,Yes,No,No,No,No,Yes,Very difficult,No,Maybe,Some of them,Yes,Maybe,No,Don't know,No,
2014-12-16 04:01:14,43,Trans-female,United Kingdom,,No,No,No,Never,100-500,Yes,No,Yes,Yes,No,No,Don't know,Very easy,Maybe,No,Some of them,No,No,No,Don't know,No,
2014-12-16 14:00:27,21,Female (trans),Canada,,No,Yes,No,Often,1-5,Yes,Yes,Don't know,No,Yes,No,No,Very easy,No,No,Some of them,Yes,Maybe,Maybe,Yes,No,
2014-12-16 23:59:40,28,m,United States,TX,Yes,No,No,Sometimes,6-25,No,No,No,No,Don't know,Don't know,Don't know,Somewhat easy,No,No,Some of them,Yes,No,No,Yes,No,
2014-12-17 09:58:53,32,Female,United Kingdom,,No,No,Yes,Sometimes,More than 1000,Yes,Yes,Yes,Yes,No,Yes,Don't know,Somewhat difficult,Yes,Yes,Some of them,No,Maybe,No,Don't know,No,
2014-12-17 19:58:06,42,Genderqueer,United States,OH,No,Yes,No,Sometimes,More than 1000,No,Yes,Don't know,No,Don't know,No,Don't know,Very easy,No,No,Some of them,Some of them,No,No,No,No,
2014-12-18 05:57:19,21,Man,United Kingdom,,No,Yes,Yes,Often,1-5,No,Yes,Yes,Not sure,No,No,No,Somewhat easy,No,No,Yes,No,No,Maybe,No,No,
2014-12-18 15:56:32,40,Woman,United States,CA,No,Yes,Yes,Sometimes,100-500,Yes,Yes,Don't know,Yes,No,No,Yes,Very difficult,Yes,No,No,No,No,Maybe,Don't know,No,I openly discuss my mental health struggles to encourage others to seek treatment.
2014-12-19 01:55:45,32,Trans-female,United States,PA,No,No,No,Rarely,More than 1000,No,Yes,Yes,Yes,No,Yes,Yes,Don't know,Yes,No,Yes,Some of them,No,No,Yes,No,
2014-12-19 11:54:58,25,female ,United Kingdom,,Yes,Yes,Yes,Sometimes,More than 1000,No,Yes,No,Yes,No,Yes,Don't know,Very difficult,No,No,Some of them,Some of them,No,Maybe,Don't know,No,
2014-12-19 21:54:11,35,Male (CIS),Ireland,,No,Yes,Yes,nan,1-5,No,Yes,Yes,Yes,Yes,No,Yes,Don't know,No,No,Yes,Some of them,Yes,Maybe,Yes,No,
2014-12-20 07:53:24,33,Guy (-ish) ^_^,United States,IN,No,No,Yes,nan,6-25,No,Yes,Yes,No,No,No,Yes,Somewhat easy,Maybe,Maybe,Some of them,Yes,No,Maybe,Don't know,No,
2014-12-20 17:52:37,27,Genderqueer,Canada,,No,Yes,No,Never,26-100,Yes,Yes,No,Not sure,No,Don't know,Yes,Don't know,Maybe,No,Some of them,Some of them,No,No,Don't know,No,
2014-12-21 03:51:50,32,Woman,United States,CA,No,Yes,Yes,Sometimes,1-5,No,Yes,Yes,Not sure,Yes,Don't know,Don't know,Somewhat easy,No,No,Some of them,Yes,No,No,No,No,
2014-12-21 13:51:03,29,Male,United States,NY,No,Yes,Yes,Sometimes,100-500,No,Yes,Don't know,No,Yes,No,Don't know,Somewhat easy,Maybe,No,No,Some of them,No,No,No,No,
2014-12-21 23:50:16,32,non-binary,United States,MA,No,No,No,Sometimes,More than 1000,Yes,Yes,Yes,No,Don't know,Yes,Don't know,Very difficult,Yes,No,Yes,Yes,No,Maybe,Don't know,No,Working remote is empowering. I've seen negative consequences in previous workplaces.
2014-12-22 09:49:29,36,male,United States,MA,No,No,Yes,Sometimes,More than 1000,No,Yes,Yes,No,No,Yes,Don't know,Very difficult,No,No,Some of them,Some of them,Maybe,No,Don't know,No,
2014-12-22 19:48:42,43,non-binary,United States,MN,No,Yes,Yes,Rarely,26-100,No,No,No,Yes,No,Don't know,Don't know,Very difficult,Yes,No,Some of them,Some of them,No,No,Don't know,No,
2014-12-23 05:47:55,23,Man,United States,TX,No,No,Yes,Never,More than 1000,No,No,No,Yes,Don't know,Don't know,Don't know,Don't know,Yes,No,No,Yes,No,Maybe,Yes,No,
2014-12-23 15:47:08,46,Trans woman,United States,OH,No,No,No,nan,More than 1000,No,Yes,Yes,Not sure,No,No,Don't know,Very difficult,No,Maybe,Yes,Some of them,No,Maybe,No,Yes,
2014-12-24 01:46:21,18,Guy (-ish) ^_^,Australia,,No,Yes,No,Never,26-100,No,Yes,No,Not sure,No,Don't know,Don't know,Somewhat easy,Maybe,No,No,Yes,No,Yes,Yes,No,
2014-12-24 11:45:34,30,Male-ish,United States,GA,No,Yes,Yes,Often,100-500,Yes,Yes,Don't know,Yes,No,No,Don't know,Somewhat difficult,No,No,Some of them,Yes,No,No,Yes,No,
2014-12-24 21:44:47,36,Cis Male,Canada,,No,Yes,Yes,Never,1-5,No,Yes,No,Yes,No,No,Yes,Don't know,Maybe,No,Some of them,No,No,No,No,No,
2014-12-25 07:44:00,33,cis male,United States,MA,No,No,No,Never,6-25,Yes,Yes,Yes,Yes,No,No,Don't know,Somewhat easy,Yes,No,Some of them,Some of them,No,Maybe,Yes,No,In small startups it is hard to keep mental health issues private.
2014-12-25 17:43:13,27,Androgyne,United Kingdom,,No,No,Yes,Sometimes,26-100,Yes,Yes,Don't know,Yes,No,No,Don't know,Very difficult,No,Maybe,Yes,No,No,No,Yes,No,
2014-12-26 03:42:26,30,Female (trans),United States,TN,No,Yes,Yes,Never,26-100,No,Yes,Don't know,Yes,No,No,Don't know,Very difficult,Maybe,No,No,No,Maybe,No,Yes,No,
2014-12-26 13:41:40,28,Guy (-ish) ^_^,United States,MN,No,No,No,Never,100-500,No,Yes,Don't know,Yes,No,Don't know,Don't know,Very easy,Yes,Maybe,Some of them,No,No,Yes,No,No,
2014-12-26 23:40:53,27,female,United States,TN,No,Yes,Yes,Often,26-100,No,Yes,Don't know,Yes,No,Don't know,Yes,Very easy,No,Maybe,Some of them,Some of them,Maybe,Yes,Don't know,No,
2014-12-27 09:40:06,37,Trans-female,United States,NC,No,No,Yes,nan,More than 1000,No,No,Yes,Yes,No,Don't know,Don't know,Don't know,No,No,Yes,Some of them,No,Yes,Don't know,Yes,
2014-12-27 19:39:19,34,Androgyne,United States,TX,No,No,No,Sometimes,1-5,Yes,Yes,No,Yes,Don't know,No,Don't know,Very easy,No,No,No,Yes,No,Yes,Don't know,No,
2014-12-28 05:38:32,27,Female ,United Kingdom,,No,Yes,Yes,Sometimes,26-100,No,Yes,Don't know,Yes,Don't know,No,No,Somewhat easy,Maybe,No,Yes,Yes,No,Maybe,No,No,
2014-12-28 15:37:45,38,Female,Netherlands,,No,No,No,Never,1-5,No,No,No,Yes,No,Yes,Don't know,Don't know,Yes,No,Some of them,Yes,No,Yes,Don't know,No,Our health plan has covered my psychotherapy and antidepressant medication. Manager has been discreet throughout.
2014-12-29 01:36:58,34,Female,Canada,,Yes,Yes,Yes,Rarely,500-1000,No,Yes,Yes,Yes,No,No,Don't know,Don't know,Yes,Maybe,Yes,No,No,Maybe,Don't know,No,
2014-12-29 11:36:11,37,cis-female/femme,United Kingdom,,No,No,Yes,Sometimes,6-25,No,Yes,Don't know,Yes,No,Yes,Don't know,Don't know,Maybe,No,No,Yes,No,Yes,No,No,
2014-12-29 21:35:24,36,Male,United States,OR,No,Yes,No,Often,26-100,No,Yes,No,Yes,No,No,Don't know,Very easy,Maybe,No,Some of them,Yes,No,Maybe,No,No,
2014-12-30 07:34:37,26,female ,United States,IN,Yes,No,No,nan,500-1000,No,Yes,Don't know,No,No,Don't know,No,Don't know,No,No,Yes,Some of them,No,No,No,No,
2014-12-30 17:33:50,28,Guy (-ish) ^_^,United States,PA,No,Yes,Yes,nan,500-1000,No,Yes,No,No,No,No,Don't know,Somewhat easy,No,No,Some of them,Yes,No,Maybe,Don't know,No,
2014-12-31 03:33:03,37,Genderqueer,United States,OH,No,No,No,Sometimes,6-25,No,Yes,No,Yes,Don't know,Don't know,Yes,Don't know,Maybe,No,No,No,No,No,No,No,
2014-12-31 13:32:16,36,M,United States,MI,No,Yes,Yes,nan,6-25,No,Yes,Yes,Yes,No,Yes,No,Somewhat easy,Maybe,No,Yes,Yes,Maybe,Maybe,Don't know,Yes,
2014-12-31 23:31:29,31,Female ,United States,IN,No,No,Yes,Often,6-25,Yes,No,Don't know,Not sure,No,Yes,Don't know,Very easy,Maybe,No,Some of them,Yes,No,Maybe,Don't know,No,I openly discuss my mental health struggles to encourage others to seek treatment.
2015-01-01 09:30:42,32,F,United States,MN,Yes,Yes,Yes,Never,500-1000,No,Yes,Yes,No,No,Yes,Don't know,Very easy,Yes,No,No,Yes,No,No,Don't know,No,
2015-01-01 19:29:55,40,female ,United States,NY,No,No,No,Rarely,6-25,No,No,Don't know,No,Don't know,No,Don't know,Somewhat easy,Maybe,No,Some of them,Yes,Maybe,No,Yes,No,
2015-01-02 05:29:08,27,M,Canada,,No,Yes,No,nan,More than 1000,No,Yes,Yes,No,No,Don't know,Don't know,Somewhat easy,Maybe,No,No,Some of them,Maybe,Maybe,Don't know,No,
2015-01-02 15:28:21,35,Woman,Canada,,No,Yes,No,Never,1-5,No,No,No,No,Don't know,No,Don't know,Don't know,No,Maybe,Yes,Yes,No,Maybe,Yes,No,
2015-01-03 01:27:34,30,Woman,United States,IL,No,No,No,Never,6-25,Yes,Yes,Don't know,Not sure,No,Don't know,Don't know,Somewhat difficult,Yes,No,Some of them,Yes,No,Maybe,No,No,
2015-01-03 11:26:47,30,Woman,Australia,,No,Yes,No,Never,More than 1000,No,Yes,Don't know,No,Don't know,No,Don't know,Don't know,Yes,No,No,Some of them,Maybe,No,Don't know,No,
2015-01-03 21:26:00,39,Female ,France,,Yes,Yes,Yes,Rarely,26-100,No,Yes,Yes,Yes,Yes,Yes,Yes,Don't know,Yes,No,Some of them,Some of them,No,Yes,Don't know,Yes,
2015-01-04 07:25:13,8,Femake,United States,IL,nan,No,Yes,Sometimes,1-5,Yes,Yes,No,Yes,Yes,Yes,Don't know,Very easy,Maybe,Yes,Some of them,Some of them,No,No,Don't know,No,Working remote is empowering. I've seen negative consequences in previous workplaces.
2015-01-04 17:24:26,37,Genderqueer,United States,MI,No,No,Yes,nan,26-100,Yes,Yes,Yes,Yes,No,No,Yes,Don't know,Maybe,Maybe,Some of them,Some of them,No,Maybe,No,No,
2015-01-05 03:23:39,41,Make,United States,IL,No,Yes,No,Rarely,100-500,No,Yes,Yes,Not sure,No,No,Yes,Somewhat difficult,Maybe,Maybe,No,Some of them,No,Maybe,Don't know,No,
2015-01-05 13:22:52,32,Enby,Ireland,,No,No,No,Rarely,More than 1000,No,No,Yes,Yes,No,No,Don't know,Don't know,No,No,Some of them,Yes,Maybe,Yes,Don't know,No,
2015-01-05 23:22:05,36,f,Netherlands,,No,No,Yes,Sometimes,6-25,Yes,No,No,No,Yes,Don't know,Don't know,Very easy,Maybe,Maybe,No,Some of them,No,Maybe,Don't know,No,
2015-01-06 09:21:18,29,M,United States,MA,No,Yes,No,Rarely,6-25,No,Yes,No,Not sure,No,No,Don't know,Don't know,Yes,Maybe,Some of them,No,Maybe,No,No,No,
2015-01-06 19:20:31,34,male,United States,OR,No,No,Yes,Sometimes,26-100,Yes,Yes,Don't know,Not sure,No,Yes,Don't know,Don't know,No,No,No,Yes,No,Maybe,Don't know,No,
2015-01-07 05:19:44,31,Male-ish,United States,NC,No,No,No,Sometimes,26-100,Yes,Yes,No,No,No,Don't know,Don't know,Don't know,No,No,Some of them,Yes,No,No,Don't know,Yes,
2015-01-07 15:18:57,32,Genderqueer,United States,OR,No,No,No,Never,100-500,Yes,Yes,Yes,No,No,Don't know,Don't know,Very easy,Maybe,Yes,No,Yes,No,Yes,Don't know,No,In small startups it is hard to keep mental health issues private.
2015-01-08 01:18:10,36,cis-female/femme,United States,NC,No,Yes,No,Never,100-500,No,No,No,No,No,Don't know,Don't know,Very difficult,No,No,No,Yes,Maybe,Maybe,No,No,
2015-01-08 11:17:23,26,Genderqueer,Germany,,No,No,No,Rarely,26-100,Yes,Yes,Yes,No,No,No,No,Somewhat easy,Maybe,No,Yes,Yes,No,No,Don't know,No,
2015-01-08 21:16:36,46,Cis Female,United Kingdom,,No,Yes,No,Sometimes,More than 1000,No,No,Yes,Not sure,No,Yes,Don't know,Somewhat difficult,Maybe,No,No,Yes,No,No,Yes,No,
2015-01-09 07:15:49,24,female,Germany,,Yes,Yes,Yes,Never,More than 1000,Yes,Yes,Yes,Yes,No,Don't know,Don't know,Very easy,No,No,No,Some of them,No,Maybe,Don't know,No,
2015-01-09 17:15:02,23,Cis Male,Germany,,No,Yes,Yes,Sometimes,1-5,No,Yes,Don't know,No,Yes,Yes,Don't know,Very difficult,Yes,No,Yes,Some of them,No,Maybe,No,No,
2015-01-10 03:14:15,40,Male-ish,United Kingdom,,No,No,No,nan,26-100,No,Yes,No,Not sure,Don't know,Don't know,Don't know,Very easy,Maybe,No,No,No,No,No,Yes,No,
2015-01-10 13:13:28,37,female,United States,OH,No,No,No,Rarely,26-100,No,Yes,Yes,Yes,Yes,Don't know,Don't know,Don't know,Yes,Maybe,Some of them,Some of them,No,Maybe,Yes,No,
2015-01-10 23:12:41,36,M,United Kingdom,,No,No,No,Often,26-100,No,Yes,No,No,No,No,Yes,Very easy,Maybe,Maybe,Yes,Yes,Maybe,No,Don't know,Yes,In small startups it is hard to keep mental health issues private.
2015-01-11 09:11:54,36,Man,United States,OH,No,No,No,Sometimes,More than 1000,No,No,Don't know,Not sure,Don't know,Don't know,Don't know,Somewhat easy,Yes,No,No,Some of them,No,Maybe,Don't know,No,
2015-01-11 19:11:07,31,Female ,United Kingdom,,No,Yes,No,Sometimes,26-100,Yes,Yes,Yes,Not sure,No,Don't know,Don't know,Don't know,No,No,Some of them,No,No,Maybe,Don't know,Yes,
2015-01-12 05:10:20,25,Trans-female,United States,OR,No,Yes,Yes,nan,26-100,No,Yes,Don't know,Not sure,No,Don't know,Don't know,Don't know,No,No,No,Yes,No,Maybe,Yes,No,
2015-01-12 15:09:33,32,Female (trans),United Kingdom,,No,Yes,Yes,Sometimes,6-25,Yes,Yes,Don't know,Yes,No,Don't know,Don't know,Very difficult,No,No,Yes,Yes,No,Maybe,No,No,
2015-01-13 01:08:46,27,Agender,United States,TX,No,Yes,Yes,Never,100-500,No,Yes,No,Not sure,No,No,Don't know,Very difficult,Maybe,No,Yes,Yes,No,No,Don't know,No,
2015-01-13 11:07:59,38,female ,United States,OH,No,No,No,Rarely,6-25,No,Yes,Don't know,No,No,Yes,Don't know,Very easy,Yes,No,Yes,Yes,Maybe,Maybe,No,No,
2015-01-13 21:07:12,30,female,United States,TX,No,No,No,Sometimes,6-25,No,Yes,Don't know,Yes,Yes,Yes,Don't know,Very difficult,Maybe,Maybe,Some of them,Yes,No,No,Don't know,No,
2015-01-14 07:06:25,26,female ,United States,MN,No,Yes,Yes,nan,26-100,No,Yes,Yes,Not sure,No,No,Don't know,Very easy,Yes,No,Some of them,Yes,Maybe,Yes,No,No,Thanks for doing this survey. It helps end the stigma!
2015-01-14 17:05:38,29,Genderqueer,United Kingdom,,No,Yes,No,Never,6-25,Yes,No,Don't know,No,No,Yes,Don't know,Don't know,No,No,Some of them,Yes,Maybe,No,Don't know,No,
2015-01-15 03:04:51,34,m,United Kingdom,,No,Yes,Yes,Sometimes,More than 1000,No,Yes,No,Not sure,No,No,Don't know,Don't know,No,No,Some of them,Yes,No,Maybe,Don't know,Yes,
2015-01-15 13:04:05,28,Female,United States,CA,No,No,Yes,Sometimes,26-100,No,No,Yes,Yes,No,Don't know,Don't know,Don't know,Yes,No,Yes,Some of them,No,Yes,Yes,No,
2015-01-15 23:03:18,26,fluid,United States,TN,No,No,No,Sometimes,26-100,No,Yes,No,No,No,No,No,Don't know,Maybe,Maybe,Some of them,Yes,No,Maybe,Yes,No,
2015-01-16 09:02:31,33,Guy (-ish) ^_^,United States,MI,No,No,Yes,nan,More than 1000,Yes,No,Don't know,Not sure,No,Yes,Don't know,Don't know,Yes,Maybe,No,Yes,No,No,Yes,No,
2015-01-16 19:01:44,33,Woman,United States,PA,No,No,Yes,Often,6-25,No,Yes,Yes,No,Don't know,No,Yes,Somewhat easy,No,No,No,No,No,Maybe,Yes,No,
2015-01-17 05:00:57,28,Female ,United States,MN,No,No,Yes,Sometimes,6-25,No,Yes,No,Yes,No,No,Don't know,Somewhat difficult,Yes,No,No,Some of them,No,Maybe,Yes,No,
2015-01-17 15:00:10,28,Male (CIS),Netherlands,,No,Yes,Yes,Sometimes,1-5,No,No,Don't know,No,No,No,Don't know,Somewhat difficult,Maybe,No,Some of them,Yes,No,Yes,Don't know,No,Working remote is empowering. I've seen negative consequences in previous workplaces.
2015-01-18 00:59:23,33,Guy (-ish) ^_^,United States,IN,No,Yes,No,Often,26-100,No,Yes,Yes,Not sure,Don't know,No,Don't know,Somewhat easy,Maybe,Maybe,Some of them,Some of them,Maybe,Maybe,Don't know,Yes,
2015-01-18 10:58:36,21,Male-ish,United States,OH,Yes,No,No,Rarely,26-100,No,Yes,Yes,No,Yes,Don't know,Don't know,Very difficult,No,No,Some of them,Yes,No,No,Don't know,No,
2015-01-18 20:57:49,22,Male,United States,OR,No,No,Yes,Never,6-25,Yes,Yes,Yes,No,Yes,No,Don't know,Somewhat easy,Maybe,No,Some of them,Yes,No,Maybe,Yes,No,
2015-01-19 06:57:02,26,Male,United States,TN,No,Yes,Yes,Sometimes,More than 1000,No,No,No,No,No,Don't know,Don't know,Somewhat difficult,Yes,No,Yes,Yes,No,No,Yes,Yes,
2015-01-19 16:56:15,30,Enby,United States,NC,No,No,Yes,Sometimes,More than 1000,No,Yes,Don't know,Not sure,No,Yes,Yes,Somewhat easy,Yes,No,Yes,No,No,No,Yes,Yes,
2015-01-20 02:55:28,34,Make,United Kingdom,,Yes,No,No,Rarely,More than 1000,No,Yes,No,Yes,No,Yes,Yes,Don't know,No,No,Some of them,Yes,No,Maybe,Yes,Yes,
2015-01-20 12:54:41,42,Cis Female,United States,TN,No,No,No,nan,100-500,No,Yes,Yes,Yes,Don't know,Yes,Don't know,Somewhat difficult,No,No,Yes,No,Maybe,No,Don't know,No,
2015-01-20 22:53:54,38,cis male,United States,WA,No,No,No,Sometimes,6-25,No,No,Yes,Yes,Yes,No,Don't know,Don't know,Maybe,No,Some of them,Yes,No,No,No,No,I openly discuss my mental health struggles to encourage others to seek treatment.
2015-01-21 08:53:07,30,Trans woman,United States,IN,Yes,No,Yes,Rarely,26-100,Yes,Yes,Yes,Yes,No,No,Yes,Somewhat easy,No,No,No,No,No,No,Don't know,No,
2015-01-21 18:52:20,31,Make,United States,MN,No,No,No,Never,100-500,Yes,Yes,Don't know,No,No,Don't know,Yes,Don't know,Maybe,Yes,Some of them,Yes,No,No,Yes,No,
2015-01-22 04:51:33,24,female,United States,GA,No,Yes,Yes,Never,1-5,Yes,Yes,No,Yes,Don't know,No,Don't know,Very easy,No,No,No,No,No,No,Don't know,No,
2015-01-22 14:50:46,31,Androgyne,France,,No,Yes,No,Sometimes,6-25,Yes,Yes,Don't know,No,No,Yes,Yes,Very difficult,No,No,Some of them,No,No,Maybe,Yes,No,
2015-01-23 00:49:59,29,fluid,United Kingdom,,Yes,Yes,Yes,nan,More than 1000,No,Yes,Yes,Not sure,No,No,Don't know,Don't know,Maybe,Maybe,Some of them,No,Maybe,No,Yes,No,
2015-01-23 10:49:12,34,Male (CIS),United States,OR,No,Yes,Yes,Never,6-25,No,Yes,No,Not sure,No,Yes,Don't know,Somewhat difficult,Maybe,Maybe,Some of them,Yes,Maybe,No,Don't know,No,
2015-01-23 20:48:25,26,Genderqueer,United States,PA,No,No,No,Rarely,6-25,No,Yes,No,Yes,No,No,Don't know,Don't know,Maybe,No,Some of them,Some of them,No,Maybe,Yes,No,
2015-01-24 06:47:38,35,F,United States,OR,Yes,No,No,Sometimes,26-100,No,Yes,Yes,No,Yes,Yes,Yes,Don't know,Yes,No,No,Some of them,No,Yes,Don't know,No,Our health plan has covered my psychotherapy and antidepressant medication. Manager has been discreet throughout.
2015-01-24 16:46:51,42,F,United States,OH,No,Yes,Yes,Sometimes,6-25,No,Yes,No,Not sure,No,No,Yes,Don't know,No,No,Some of them,Yes,No,Maybe,Don't know,No,
2015-01-25 02:46:04,31,Cis Male,United Kingdom,,Yes,No,No,Sometimes,100-500,No,Yes,Yes,No,No,No,Yes,Very easy,Maybe,No,No,Some of them,No,Maybe,Yes,Yes,
2015-01-25 12:45:17,34,M,United Kingdom,,No,Yes,Yes,Often,More than 1000,No,No,Yes,No,No,Don't know,Don't know,Don't know,No,Yes,No,No,No,Maybe,No,No,
2015-01-25 22:44:30,36,Trans-female,United States,NC,No,Yes,Yes,Sometimes,6-25,Yes,Yes,Yes,No,No,No,Yes,Somewhat easy,Maybe,No,No,No,No,Maybe,Don't know,No,
2015-01-26 08:43:43,29,f,United States,NY,No,Yes,Yes,Often,6-25,Yes,Yes,Don't know,Yes,No,Don't know,Don't know,Don't know,No,No,No,Yes,No,Maybe,Don't know,No,
2015-01-26 18:42:56,33,female,United States,CA,No,Yes,Yes,Never,100-500,Yes,No,Don't know,Not sure,No,Don't know,Don't know,Don't know,No,No,Some of them,No,No,Yes,Yes,No,
2015-01-27 04:42:09,32,Trans-female,Netherlands,,No,Yes,No,Never,6-25,No,Yes,Yes,No,No,No,Don't know,Very easy,No,No,Some of them,Yes,No,Maybe,Yes,No,
2015-01-27 14:41:22,32,non-binary,United Kingdom,,No,No,Yes,Never,More than 1000,No,Yes,Yes,No,Don't know,Yes,Don't know,Don't know,No,No,Yes,No,No,No,Don't know,Yes,In small startups it is hard to keep mental health issues private.
2015-01-28 00:40:35,26,Cis Male,United States,TX,No,No,No,Sometimes,26-100,No,Yes,No,Yes,Don't know,No,Don't know,Don't know,Yes,No,No,Yes,No,Maybe,No,No,
2015-01-28 10:39:48,32,Female ,United States,MI,No,No,Yes,Sometimes,More than 1000,No,Yes,No,Yes,No,Don't know,Don't know,Don't know,Maybe,No,No,No,No,No,Yes,No,
2015-01-28 20:39:01,35,Cis Male,United Kingdom,,No,Yes,Yes,Sometimes,26-100,No,No,No,No,No,No,Yes,Somewhat easy,Yes,No,No,Yes,No,Yes,Don't know,No,
2015-01-29 06:38:14,42,non-binary,United States,MI,No,Yes,No,Rarely,6-25,No,No,Yes,No,Yes,Don't know,Don't know,Somewhat easy,Maybe,No,Some of them,Some of them,Maybe,Maybe,Don't know,No,
2015-01-29 16:37:27,38,Femake,United States,NY,No,Yes,No,Rarely,6-25,No,Yes,Yes,Not sure,No,No,Don't know,Don't know,No,No,No,Yes,No,Yes,Don't know,No,
2015-01-30 02:36:40,47,Trans woman,United States,MI,No,No,Yes,Sometimes,6-25,No,Yes,Yes,Not sure,Don't know,No,Yes,Don't know,No,No,Yes,No,Maybe,Yes,Yes,No,
2015-01-30 12:35:53,26,M,United Kingdom,,No,Yes,Yes,Never,26-100,No,Yes,Yes,Not sure,No,Don't know,Don't know,Don't know,No,No,Some of them,Some of them,No,No,Don't know,No,
2015-01-30 22:35:06,38,male,United States,IN,No,No,No,Sometimes,More than 1000,No,Yes,Don't know,Not sure,Don't know,No,Don't know,Don't know,No,No,Yes,No,No,Maybe,No,No,I openly discuss my mental health struggles to encourage others to seek treatment.
2015-01-31 08:34:19,33,Make,United States,CA,No,No,Yes,Sometimes,26-100,No,Yes,Don't know,No,Don't know,No,Yes,Somewhat difficult,Maybe,No,Some of them,Yes,No,No,Don't know,No,
2015-01-31 18:33:32,47,Make,Netherlands,,No,No,Yes,Sometimes,6-25,No,Yes,No,No,No,Don't know,Don't know,Very easy,Maybe,Maybe,Some of them,Yes,No,Yes,Yes,No,
2015-02-01 04:32:45,26,maile,United States,NY,No,No,No,nan,More than 1000,No,Yes,Don't know,No,Yes,Don't know,Yes,Somewhat easy,No,No,Yes,Yes,No,Maybe,Don't know,No,
2015-02-01 14:31:58,26,Agender,United States,MI,No,Yes,Yes,Sometimes,More than 1000,No,Yes,Yes,No,Yes,No,Don't know,Don't know,No,Maybe,Yes,No,No,No,No,No,
2015-02-02 00:31:11,27,maile,United States,MI,No,Yes,Yes,Sometimes,500-1000,No,No,Yes,Not sure,No,No,Yes,Very easy,No,Maybe,Yes,Yes,No,Maybe,No,No,
2015-02-02 10:30:24,18,Make,United States,TX,No,Yes,Yes,Sometimes,More than 1000,Yes,Yes,Don't know,Not sure,No,No,Don't know,Somewhat difficult,No,No,Yes,Some of them,No,Maybe,Don't know,No,
2015-02-02 20:29:37,28,non-binary,Canada,,No,No,Yes,Sometimes,More than 1000,Yes,Yes,Yes,Yes,No,No,Don't know,Somewhat easy,No,No,Some of them,No,No,Yes,No,No,
2015-02-03 06:28:50,26,female,United States,NC,No,Yes,Yes,Rarely,More than 1000,No,Yes,Yes,No,Don't know,No,Don't know,Very easy,Yes,No,No,Yes,No,Maybe,Don't know,No,Thanks for doing this survey. It helps end the stigma!
2015-02-03 16:28:03,33,Genderqueer,United States,NC,No,Yes,Yes,Sometimes,1-5,No,Yes,Yes,Not sure,No,No,Don't know,Very easy,No,Yes,Some of them,Yes,Maybe,Maybe,Yes,No,
2015-02-04 02:27:16,34,M,United States,GA,Yes,No,Yes,Sometimes,1-5,No,Yes,Yes,Not sure,No,Yes,Yes,Somewhat easy,Maybe,No,Some of them,Yes,Maybe,No,No,No,
2015-02-04 12:26:29,45,f,United Kingdom,,No,Yes,Yes,Rarely,26-100,No,Yes,Yes,No,No,Don't know,Yes,Don't know,No,No,Some of them,Yes,No,Maybe,No,Yes,
2015-02-04 22:25:43,38,male,United Kingdom,,No,No,No,Sometimes,26-100,No,Yes,No,Not sure,Don't know,No,Yes,Very easy,No,No,No,No,No,Maybe,No,No,
2015-02-05 08:24:56,27,male,United States,MI,No,No,No,Often,26-100,No,Yes,No,No,No,No,Don't know,Don't know,Yes,Maybe,Some of them,No,No,No,No,No,
2015-02-05 18:24:09,25,Agender,United States,MA,No,Yes,No,Rarely,More than 1000,No,No,Yes,No,No,Don't know,Yes,Very easy,Maybe,No,No,Some of them,Maybe,Maybe,No,No,
2015-02-06 04:23:22,35,Cis Male,United Kingdom,,No,Yes,Yes,Sometimes,100-500,No,Yes,Yes,Yes,Don't know,No,Don't know,Very easy,No,No,No,Yes,No,Maybe,Don't know,No,
2015-02-06 14:22:35,22,Cis Female,United States,OR,No,Yes,Yes,Rarely,More than 1000,Yes,Yes,No,Yes,No,Don't know,Don't know,Somewhat difficult,Yes,No,Some of them,Some of them,Maybe,Maybe,Don't know,No,In small startups it is hard to keep mental health issues private.
2015-02-07 00:21:48,44,Female,Germany,,No,No,No,Sometimes,6-25,No,Yes,Yes,No,No,Yes,Don't know,Somewhat easy,No,No,No,Yes,No,No,Yes,No,
2015-02-07 10:21:01,40,Male-ish,Canada,,No,No,Yes,Never,100-500,Yes,No,Don't know,No,No,Don't know,Don't know,Don't know,No,No,Some of them,Yes,Yes,No,No,No,
2015-02-07 20:20:14,28,Androgyne,Germany,,No,No,Yes,Never,100-500,No,Yes,Yes,Not sure,No,No,Yes,Don't know,Maybe,No,Some of them,No,No,Yes,Yes,No,
2015-02-08 06:19:27,20,Male,United States,NY,No,No,Yes,Sometimes,26-100,No,Yes,Yes,Yes,No,Don't know,Don't know,Very easy,Maybe,Maybe,No,Some of them,No,Maybe,Don't know,No,
2015-02-08 16:18:40,41,Femake,United States,OH,No,No,No,Rarely,More than 1000,Yes,Yes,No,Yes,No,Yes,Don't know,Somewhat difficult,No,Maybe,Some of them,Yes,No,No,No,No,
2015-02-09 02:17:53,31,Trans woman,Canada,,No,Yes,No,nan,26-100,Yes,Yes,No,No,No,Don't know,Yes,Somewhat easy,No,Maybe,Yes,Some of them,Maybe,Yes,No,No,
2015-02-09 12:17:06,40,Woman,United States,PA,No,Yes,Yes,nan,1-5,No,Yes,Yes,No,No,Don't know,Yes,Don't know,Yes,No,No,Some of them,Yes,Maybe,Don't know,No,
2015-02-09 22:16:19,20,Trans woman,United States,MN,No,No,No,Rarely,1-5,No,Yes,Yes,No,No,No,Yes,Very difficult,No,Maybe,Some of them,Some of them,No,Yes,Don't know,No,Working remote is empowering. I've seen negative consequences in previous workplaces.
2015-02-10 08:15:32,27,male,Germany,,No,Yes,Yes,Never,More than 1000,No,Yes,Yes,No,No,No,Don't know,Very difficult,No,No,No,Yes,No,Yes,Don't know,No,
2015-02-10 18:14:45,32,Female,Netherlands,,No,Yes,Yes,Sometimes,100-500,No,Yes,Yes,No,Yes,Don't know,Don't know,Don't know,Maybe,No,Some of them,Some of them,No,Maybe,Don't know,No,
2015-02-11 04:13:58,32,Make,United States,GA,No,No,No,Sometimes,1-5,Yes,Yes,No,No,No,Yes,Don't know,Somewhat easy,Yes,Maybe,Some of them,Some of them,No,Maybe,Yes,No,
2015-02-11 14:13:11,28,Trans-female,United States,IL,No,No,No,Never,More than 1000,Yes,No,Don't know,Yes,Yes,Don't know,Don't know,Very easy,No,Maybe,Some of them,No,Maybe,Maybe,No,No,
2015-02-12 00:12:24,36,Female (trans),United States,OH,No,No,Yes,Sometimes,26-100,No,Yes,Don't know,No,Yes,Don't know,Yes,Very easy,Maybe,No,Some of them,Some of them,No,Maybe,Don't know,No,
2015-02-12 10:11:37,24,maile,Canada,,No,No,Yes,nan,100-500,No,Yes,No,Not sure,No,No,Yes,Very difficult,Maybe,Maybe,Some of them,Some of them,No,Yes,Yes,No,
2015-02-12 20:10:50,31,Femake,Australia,,No,Yes,Yes,Sometimes,6-25,No,Yes,No,No,Don't know,No,Yes,Don't know,Maybe,Yes,Yes,No,No,Yes,Yes,No,
2015-02-13 06:10:03,32,Man,United States,TX,No,No,No,Never,26-100,No,No,No,Yes,No,Don't know,Don't know,Somewhat easy,Maybe,No,Some of them,Yes,No,Maybe,Don't know,Yes,I openly discuss my mental health struggles to encourage others to seek treatment.
2015-02-13 16:09:16,35,Woman,United States,PA,No,Yes,Yes,Never,1-5,Yes,Yes,Yes,No,Don't know,No,Yes,Very easy,Yes,No,No,No,Maybe,No,Yes,No,
2015-02-14 02:08:29,36,F,Netherlands,,No,Yes,No,nan,100-500,Yes,Yes,Yes,Yes,No,Don't know,Yes,Somewhat difficult,No,Maybe,Some of them,Yes,No,No,Yes,Yes,
2015-02-14 12:07:42,24,Female (trans),United States,OH,No,No,No,Rarely,26-100,No,Yes,Don't know,No,Yes,No,Don't know,Somewhat difficult,No,No,Some of them,Yes,No,Maybe,No,Yes,
2015-02-14 22:06:55,21,Female ,United States,TN,No,Yes,No,Rarely,6-25,No,Yes,Yes,Not sure,No,Don't know,Don't know,Very difficult,Yes,No,Some of them,No,No,No,Don't know,No,
2015-02-15 08:06:08,40,Male-ish,India,,Yes,No,Yes,Sometimes,26-100,No,Yes,No,Not sure,Don't know,Yes,Yes,Somewhat easy,Maybe,Maybe,No,Yes,No,Yes,No,No,
2015-02-15 18:05:21,34,m,United States,OR,No,Yes,Yes,nan,26-100,No,Yes,Don't know,Yes,No,No,Don't know,Somewhat difficult,Maybe,No,Some of them,No,No,Maybe,Don't know,No,
2015-02-16 04:04:34,26,Cis Male,United Kingdom,,No,No,Yes,Sometimes,6-25,Yes,Yes,No,No,Yes,No,No,Don't know,Maybe,No,Some of them,Some of them,Maybe,Maybe,Don't know,No,
2015-02-16 14:03:47,42,Man,United States,PA,No,Yes,Yes,nan,100-500,No,No,Yes,Yes,No,Don't know,Don't know,Don't know,Maybe,No,Some of them,No,No,Maybe,Don't know,No,Our health plan has covered my psychotherapy and antidepressant medication. Manager has been discreet throughout.
2015-02-17 00:03:00,32,maile,United States,TN,No,No,No,Never,26-100,No,Yes,No,Not sure,No,Yes,Yes,Don't know,Yes,No,No,Some of them,Maybe,Maybe,Don't know,No,
2015-02-17 10:02:13,40,fluid,Canada,,No,No,No,Never,26-100,No,Yes,Yes,No,No,Don't know,Yes,Very easy,Yes,Yes,Some of them,Yes,No,Maybe,Don't know,No,
2015-02-17 20:01:26,32,Woman,United States,OH,No,Yes,Yes,Never,26-100,Yes,No,No,Yes,No,No,Don't know,Very difficult,Maybe,No,No,Some of them,Maybe,Maybe,Don't know,No,
2015-02-18 06:00:39,46,Cis Female,South Africa,,No,Yes,Yes,Rarely,500-1000,No,No,Yes,Not sure,No,No,Yes,Don't know,No,No,Some of them,Some of them,No,No,Yes,No,
2015-02-18 15:59:52,44,m,United States,CA,No,Yes,Yes,Sometimes,26-100,Yes,Yes,Don't know,Not sure,Yes,No,Don't know,Don't know,Maybe,Yes,No,Yes,No,No,Yes,No,
2015-02-19 01:59:05,30,fluid,United States,WA,No,Yes,Yes,nan,6-25,Yes,No,No,Not sure,No,No,Don't know,Very easy,Maybe,Maybe,Some of them,Yes,No,Maybe,Don't know,No,
2015-02-19 11:58:18,38,Trans-female,United States,CA,No,No,No,Never,6-25,Yes,Yes,Don't know,Not sure,Yes,Yes,Don't know,Somewhat easy,Maybe,No,Some of them,Yes,Maybe,Maybe,Don't know,Yes,
2015-02-19 21:57:31,36,M,United States,OR,No,No,Yes,Sometimes,More than 1000,No,Yes,Don't know,Not sure,No,Yes,Don't know,Very difficult,Maybe,Maybe,Some of them,Some of them,No,No,Yes,No,Thanks for doing this survey. It helps end the stigma!
2015-02-20 07:56:44,41,cis-female/femme,United States,PA,No,Yes,Yes,Sometimes,More than 1000,No,No,No,Yes,Don't know,No,Yes,Don't know,No,No,Yes,Some of them,No,Yes,Don't know,No,
2015-02-20 17:55:57,25,Cis Female,United States,PA,No,Yes,No,Never,26-100,No,Yes,Don't know,Yes,No,No,Yes,Don't know,Maybe,No,Some of them,Yes,Maybe,Maybe,Don't know,No,
2015-02-21 03:55:10,36,M,United States,OR,No,Yes,Yes,Never,26-100,No,Yes,Don't know,Not sure,No,No,Don't know,Somewhat easy,Maybe,No,Yes,No,No,Maybe,Yes,Yes,
2015-02-21 13:54:23,39,F,United States,TN,No,No,No,Never,6-25,No,Yes,Yes,Yes,Yes,Yes,Don't know,Don't know,Yes,No,Some of them,Yes,No,No,Don't know,No,
2015-02-21 23:53:36,19,f,United Kingdom,,No,Yes,No,Rarely,More than 1000,No,Yes,No,Not sure,No,No,Don't know,Don't know,Maybe,No,Some of them,No,No,Maybe,Don't know,Yes,
2015-02-22 09:52:49,23,Male (CIS),United Kingdom,,No,No,Yes,Never,More than 1000,No,Yes,Don't know,No,No,Don't know,Yes,Don't know,No,No,Some of them,Some of them,No,Maybe,Don't know,No,
2015-02-22 19:52:02,18,Trans woman,United Kingdom,,No,No,No,nan,6-25,Yes,Yes,Don't know,No,No,No,No,Don't know,Maybe,No,Some of them,Yes,No,No,Don't know,No,
2015-02-23 05:51:15,30,fluid,United States,NC,No,No,Yes,Rarely,6-25,No,No,Yes,No,No,Don't know,Don't know,Don't know,Yes,No,Yes,Some of them,No,Maybe,No,No,I openly discuss my mental health struggles to encourage others to seek treatment.
2015-02-23 15:50:28,37,Femake,United States,WA,No,No,No,nan,6-25,No,Yes,Don't know,No,No,No,Don't know,Very difficult,Maybe,No,No,Some of them,No,Maybe,Don't know,No,
2015-02-24 01:49:41,42,F,United Kingdom,,No,No,No,Sometimes,6-25,Yes,Yes,Yes,No,Don't know,No,Don't know,Don't know,Maybe,No,No,Some of them,No,Maybe,Yes,No,
2015-02-24 11:48:54,32,Female,United States,OH,No,No,Yes,Never,More than 1000,Yes,No,Yes,Yes,No,Don't know,Don't know,Don't know,Maybe,No,Some of them,Yes,No,No,No,No,
2015-02-24 21:48:08,43,Femake,United States,MN,No,Yes,Yes,Sometimes,6-25,Yes,Yes,Don't know,No,No,Don't know,Yes,Somewhat difficult,No,No,Some of them,Yes,No,Yes,Don't know,No,
2015-02-25 07:47:21,22,Cis Female,Canada,,No,Yes,No,Rarely,26-100,Yes,Yes,Yes,Yes,No,No,Don't know,Very easy,Yes,No,Yes,Yes,No,Yes,Don't know,No,
2015-02-25 17:46:34,20,male,Canada,,No,No,No,nan,6-25,Yes,Yes,Yes,Yes,No,No,Yes,Somewhat easy,No,No,Some of them,Some of them,No,Maybe,No,No,
2015-02-26 03:45:47,31,f,United States,TX,No,No,No,Sometimes,500-1000,No,Yes,Don't know,No,No,No,Yes,Very easy,Maybe,No,No,No,Maybe,Maybe,No,No,
2015-02-26 13:45:00,34,Genderqueer,United States,CA,Yes,No,No,Sometimes,1-5,No,Yes,Yes,No,Yes,No,Yes,Somewhat difficult,No,No,Some of them,Yes,Maybe,No,Don't know,No,In small startups it is hard to keep mental health issues private.
2015-02-26 23:44:13,31,F,Canada,,Yes,No,No,nan,26-100,No,Yes,Yes,Yes,Don't know,Don't know,Yes,Somewhat difficult,No,Maybe,Yes,Some of them,Maybe,No,Don't know,No,
2015-02-27 09:43:26,18,male,United States,CA,No,No,No,Sometimes,26-100,No,Yes,Yes,Not sure,No,Yes,Yes,Somewhat easy,Maybe,Yes,Yes,Yes,No,Maybe,No,No,
2015-02-27 19:42:39,31,Genderqueer,Canada,,No,No,No,Rarely,6-25,No,Yes,Don't know,Not sure,Yes,No,No,Somewhat difficult,Maybe,Maybe,Yes,Yes,Maybe,Maybe,Don't know,No,
2015-02-28 05:41:52,22,Man,Canada,,No,Yes,No,Rarely,More than 1000,No,Yes,Don't know,Not sure,No,No,Don't know,Somewhat easy,Maybe,No,Some of them,No,Maybe,Maybe,Don't know,No,
2015-02-28 15:41:05,36,Make,Canada,,No,No,No,nan,6-25,No,Yes,No,Not sure,Don't know,No,Don't know,Don't know,Maybe,No,Some of them,Yes,No,Maybe,Don't know,No,
2015-03-01 01:40:18,34,Male (CIS),United States,IN,No,No,No,Sometimes,More than 1000,No,Yes,Yes,Yes,No,No,Don't know,Somewhat difficult,Maybe,No,Some of them,Yes,No,Maybe,Don't know,No,
2015-03-01 11:39:31,25,Male-ish,United States,IL,No,No,No,Sometimes,More than 1000,No,Yes,Yes,Not sure,Don't know,No,Yes,Somewhat easy,Maybe,Maybe,No,Yes,No,Yes,Don't know,Yes,
2015-03-01 21:38:44,28,non-binary,United Kingdom,,No,No,No,Rarely,1-5,Yes,Yes,Yes,Not sure,No,Don't know,Don't know,Somewhat difficult,Maybe,No,No,Some of them,No,Maybe,Yes,No,Our health plan has covered my psychotherapy and antidepressant medication. Manager has been discreet throughout.
2015-03-02 07:37:57,24,Cis Female,United Kingdom,,No,Yes,Yes,nan,6-25,No,No,Don't know,Not sure,No,No,Don't know,Don't know,Maybe,No,Some of them,Some of them,Maybe,Yes,No,No,
2015-03-02 17:37:10,31,Man,United Kingdom,,No,No,No,Never,100-500,Yes,Yes,No,No,No,Don't know,Don't know,Don't know,Maybe,No,Some of them,No,No,Yes,Yes,No,
2015-03-03 03:36:23,38,Androgyne,United States,IN,No,No,No,Sometimes,100-500,No,No,Yes,Not sure,No,Yes,Yes,Very difficult,Maybe,Maybe,Some of them,Some of them,No,Maybe,Don't know,No,
2015-03-03 13:35:36,25,Androgyne,United States,WA,No,Yes,Yes,Rarely,6-25,Yes,Yes,Yes,Yes,No,Yes,Don't know,Don't know,Yes,No,Yes,No,No,No,Don't know,No,
2015-03-03 23:34:49,35,fluid,Netherlands,,No,No,Yes,nan,26-100,Yes,No,Yes,Not sure,No,Yes,Don't know,Very difficult,No,No,Some of them,Yes,No,No,Yes,No,
2015-03-04 09:34:02,28,maile,United Kingdom,,No,Yes,Yes,nan,6-25,No,Yes,Don't know,No,No,Don't know,Don't know,Very difficult,Yes,Maybe,No,Some of them,No,Maybe,Don't know,No,
2015-03-04 19:33:15,26,female,Australia,,No,Yes,No,nan,26-100,No,Yes,Don't know,No,Don't know,Yes,Yes,Somewhat difficult,No,No,Some of them,No,Maybe,Maybe,Don't know,No,
2015-03-05 05:32:28,31,Female (trans),Canada,,Yes,Yes,No,Sometimes,26-100,No,Yes,Don't know,No,No,No,Don't know,Somewhat easy,No,No,Some of them,No,No,No,Don't know,No,In small startups it is hard to keep mental health issues private.
2015-03-05 15:31:41,24,non-binary,United States,TX,No,No,No,Sometimes,More than 1000,Yes,Yes,No,No,No,No,Don't know,Somewhat easy,No,No,Yes,No,Maybe,No,Don't know,No,
2015-03-06 01:30:54,28,Male,United Kingdom,,No,No,No,Rarely,26-100,Yes,Yes,Don't know,No,No,No,Yes,Somewhat difficult,Maybe,No,Some of them,No,No,No,No,No,
2015-03-06 11:30:07,23,M,Netherlands,,No,No,Yes,nan,1-5,Yes,Yes,Yes,Not sure,Yes,Don't know,Don't know,Very easy,No,No,Some of them,Yes,No,No,Yes,No,
2015-03-06 21:29:20,45,F,United States,CA,No,No,Yes,Sometimes,6-25,No,Yes,Yes,No,Yes,Yes,Don't know,Somewhat easy,Yes,No,Some of them,Some of them,No,No,Don't know,No,
2015-03-07 07:28:33,32,Agender,United Kingdom,,No,No,Yes,Sometimes,500-1000,No,Yes,Don't know,No,No,No,Don't know,Very difficult,Yes,No,Some of them,Yes,Maybe,No,Yes,No,
2015-03-07 17:27:46,27,Cis Female,United States,TX,No,Yes,Yes,Often,26-100,Yes,Yes,Don't know,No,No,Don't know,Don't know,Very easy,Maybe,Maybe,No,Some of them,No,Maybe,Don't know,No,
2015-03-08 03:26:59,33,f,United States,MN,No,Yes,Yes,Sometimes,100-500,No,Yes,Don't know,Yes,No,Don't know,Yes,Very difficult,Maybe,No,Some of them,Yes,No,No,Don't know,No,
2015-03-08 13:26:12,31,m,United Kingdom,,No,No,No,Sometimes,26-100,No,Yes,Don't know,No,Yes,Yes,Don't know,Don't know,Yes,No,No,Yes,No,Yes,Don't know,No,In small startups it is hard to keep mental health issues private.
2015-03-08 23:25:25,30,Femake,United States,OH,No,Yes,Yes,Never,6-25,No,Yes,Don't know,No,No,Don't know,Don't know,Don't know,Yes,No,Some of them,No,Maybe,No,Yes,No,
2015-03-09 09:24:38,36,Enby,United States,PA,No,No,Yes,Rarely,1-5,Yes,Yes,No,Yes,No,Yes,Yes,Somewhat easy,Maybe,Maybe,Yes,Yes,No,No,Don't know,No,
2015-03-09 19:23:51,37,Guy (-ish) ^_^,United States,TX,Yes,No,No,Often,26-100,No,Yes,Don't know,Yes,No,No,Yes,Don't know,Maybe,No,No,Some of them,No,No,Don't know,No,
2015-03-10 05:23:04,28,Genderqueer,United States,CA,No,No,No,Sometimes,More than 1000,No,Yes,No,No,No,No,Don't know,Very easy,Maybe,No,Yes,No,No,No,Don't know,No,
2015-03-10 15:22:17,27,Trans woman,United States,TN,No,No,Yes,Rarely,More than 1000,No,Yes,Yes,No,No,Don't know,Don't know,Don't know,Maybe,No,Yes,No,No,No,Don't know,Yes,
2015-03-11 01:21:30,30,Man,United States,MI,No,Yes,Yes,Rarely,More than 1000,Yes,Yes,Don't know,No,No,No,Yes,Very difficult,No,No,Some of them,Yes,Maybe,Maybe,Yes,No,
2015-03-11 11:20:43,18,Cis Female,Australia,,No,Yes,Yes,Rarely,More than 1000,No,Yes,No,Not sure,No,No,Yes,Don't know,Maybe,No,Some of them,Yes,Maybe,Yes,No,No,
2015-03-11 21:19:56,21,Make,United States,WA,No,No,No,Rarely,100-500,No,Yes,Don't know,No,No,Don't know,Don't know,Don't know,No,Maybe,No,Yes,No,Maybe,Yes,No,Working remote is empowering. I've seen negative consequences in previous workplaces.
2015-03-12 07:19:09,41,Genderqueer,United States,OR,No,Yes,Yes,Sometimes,6-25,No,No,No,Yes,No,Don't know,Yes,Don't know,No,No,Some of them,No,Maybe,Maybe,Yes,No,
2015-03-12 17:18:22,43,Woman,United States,NC,No,No,Yes,Sometimes,More than 1000,Yes,Yes,No,No,No,Don't know,Don't know,Somewhat easy,Maybe,Maybe,Some of them,No,No,Maybe,No,No,
2015-03-13 03:17:35,30,female ,United Kingdom,,No,Yes,No,Sometimes,1-5,Yes,Yes,Yes,Yes,No,No,Don't know,Don't know,Yes,No,Some of them,No,No,Maybe,Don't know,No,
2015-03-13 13:16:48,36,Genderqueer,United States,NY,No,No,No,Sometimes,6-25,Yes,Yes,Don't know,No,Don't know,Don't know,Don't know,Don't know,Yes,Maybe,Some of them,Some of them,Maybe,No,Don't know,No,
2015-03-13 23:16:01,34,Female,Canada,,No,No,No,Never,6-25,No,Yes,Yes,No,No,No,Don't know,Very easy,Maybe,No,Some of them,No,No,Maybe,Don't know,No,
2015-03-14 09:15:14,53,Agender,United Kingdom,,Yes,No,No,nan,100-500,Yes,Yes,No,Yes,No,No,Don't know,Don't know,Maybe,No,Some of them,Some of them,No,No,Don't know,No,
2015-03-14 19:14:27,39,Cis Female,Canada,,No,Yes,No,Often,26-100,No,Yes,No,No,No,Don't know,Don't know,Don't know,No,No,Some of them,Yes,No,Maybe,Don't know,No,
2015-03-15 05:13:40,31,Cis Male,United States,MA,No,Yes,Yes,Often,26-100,No,No,Yes,No,No,No,Don't know,Very easy,Maybe,No,No,Yes,No,Maybe,Don't know,No,Working remote is empowering. I've seen negative consequences in previous workplaces.
2015-03-15 15:12:53,25,cis-female/femme,United Kingdom,,No,No,Yes,Sometimes,6-25,No,No,Yes,Yes,No,No,Don't know,Don't know,No,Maybe,Some of them,Yes,No,Maybe,Don't know,No,
2015-03-16 01:12:06,20,Genderqueer,United States,NC,No,Yes,Yes,Never,More than 1000,No,Yes,Don't know,Not sure,No,Don't know,Don't know,Don't know,No,No,Yes,Yes,No,No,Yes,No,
2015-03-16 11:11:19,33,cis male,Ireland,,No,No,No,Never,6-25,Yes,Yes,Yes,No,No,No,Don't know,Don't know,Maybe,No,Some of them,No,Maybe,No,No,No,
2015-03-16 21:10:33,26,fluid,United Kingdom,,No,No,No,Sometimes,More than 1000,No,Yes,Yes,Yes,No,Yes,Yes,Don't know,No,No,No,No,No,No,Don't know,No,
2015-03-17 07:09:46,22,Agender,United States,MA,No,No,No,Sometimes,100-500,No,Yes,Don't know,Not sure,No,Don't know,Don't know,Very easy,No,Maybe,Some of them,No,No,Maybe,Don't know,No,
2015-03-17 17:08:59,27,Make,United States,NY,No,No,No,Rarely,26-100,No,No,Don't know,Not sure,No,Yes,Yes,Don't know,Yes,No,Some of them,Some of them,Maybe,Yes,Yes,No,
2015-03-18 03:08:12,24,Female (trans),United States,TX,No,Yes,No,nan,More than 1000,No,Yes,Yes,Yes,No,No,Don't know,Somewhat difficult,No,Maybe,Some of them,Some of them,No,Maybe,Don't know,No,
2015-03-18 13:07:25,43,Cis Male,United Kingdom,,No,No,Yes,Sometimes,500-1000,No,Yes,No,Yes,No,Don't know,Don't know,Somewhat difficult,No,Maybe,Some of them,Some of them,No,No,Don't know,No,In small startups it is hard to keep mental health issues private.
2015-03-18 23:06:38,38,Man,United States,WA,Yes,No,No,Sometimes,100-500,No,Yes,No,No,No,No,Don't know,Don't know,No,Maybe,Yes,Yes,No,Maybe,Don't know,No,
2015-03-19 09:05:51,31,Male (CIS),United States,TX,No,No,Yes,Often,1-5,No,Yes,No,Yes,No,Yes,No,Very difficult,No,No,No,Yes,No,Maybe,Yes,Yes,
2015-03-19 19:05:04,42,Androgyne,United States,MN,No,No,Yes,Sometimes,26-100,No,No,No,No,No,No,Don't know,Don't know,No,No,Some of them,Yes,No,Maybe,No,No,
2015-03-20 05:04:17,32,Femake,United Kingdom,,No,No,No,nan,100-500,No,Yes,Yes,No,No,No,Don't know,Don't know,Yes,No,Some of them,Yes,No,Maybe,Yes,No,
2015-03-20 15:03:30,25,Cis Male,Canada,,No,Yes,Yes,Often,6-25,Yes,Yes,Yes,Yes,No,Yes,Don't know,Don't know,No,Maybe,Some of them,No,Maybe,Yes,Don't know,No,
2015-03-21 01:02:43,42,female,Canada,,No,No,No,nan,6-25,No,Yes,Yes,No,Yes,No,Yes,Don't know,Yes,No,Some of them,No,Yes,No,Don't know,No,
2015-03-21 11:01:56,35,female ,Canada,,No,No,No,Never,6-25,Yes,No,No,Yes,Yes,No,No,Somewhat easy,No,No,Some of them,Yes,Maybe,No,Don't know,No,
2015-03-21 21:01:09,24,M,United States,MN,No,Yes,Yes,Rarely,26-100,Yes,Yes,No,Yes,No,No,Don't know,Don't know,Maybe,Maybe,Yes,No,No,No,No,No,Thanks for doing this survey. It helps end the stigma!
2015-03-22 07:00:22,30,Androgyne,United States,MN,No,No,Yes,Never,1-5,Yes,No,No,Yes,No,Don't know,Don't know,Somewhat difficult,Maybe,No,Some of them,Some of them,No,No,Yes,Yes,
2015-03-22 16:59:35,25,Genderqueer,United Kingdom,,No,No,No,Rarely,26-100,No,Yes,No,No,No,No,Don't know,Very easy,Maybe,No,No,Yes,Maybe,No,Don't know,No,
2015-03-23 02:58:48,22,f,United States,MI,No,Yes,Yes,Never,More than 1000,No,No,Don't know,No,No,No,Don't know,Don't know,Maybe,No,No,Yes,No,Yes,Yes,No,
2015-03-23 12:58:01,11,Trans woman,United States,OR,No,Yes,Yes,Sometimes,100-500,Yes,Yes,Don't know,Yes,Don't know,No,Don't know,Very easy,Yes,Yes,Yes,Some of them,No,Maybe,Don't know,No,
2015-03-23 22:57:14,45,Female,United States,WA,No,No,Yes,Never,More than 1000,No,Yes,Don't know,Not sure,Don't know,Don't know,Yes,Very difficult,No,Maybe,Some of them,No,No,Maybe,No,No,
2015-03-24 08:56:27,22,Female (trans),United States,IN,No,Yes,Yes,Never,26-100,No,Yes,Yes,No,Yes,Don't know,Yes,Don't know,Maybe,Maybe,No,Yes,No,No,No,No,
2015-03-24 18:55:40,35,Femake,United States,IN,No,No,No,nan,More than 1000,No,Yes,Yes,No,No,No,Don't know,Don't know,Yes,Maybe,Yes,Yes,No,Yes,Don't know,No,
2015-03-25 04:54:53,27,female ,Netherlands,,No,No,Yes,Often,26-100,No,Yes,Don't know,Not sure,No,No,Don't know,Somewhat easy,No,No,Some of them,Yes,No,Yes,Yes,Yes,Working remote is empowering. I've seen negative consequences in previous workplaces.
2015-03-25 14:54:06,28,Male (CIS),United States,NC,No,No,No,Rarely,6-25,Yes,No,Don't know,No,Yes,No,Don't know,Somewhat easy,No,Maybe,Some of them,Yes,No,No,Yes,No,
2015-03-26 00:53:19,27,Androgyne,United States,NY,No,No,Yes,Sometimes,500-1000,No,Yes,Don't know,Not sure,Don't know,No,Don't know,Somewhat easy,No,No,Yes,Some of them,No,Maybe,Don't know,No,
2015-03-26 10:52:32,25,female,United States,GA,No,No,Yes,Often,6-25,No,Yes,Don't know,Yes,Yes,No,Don't know,Don't know,Maybe,Maybe,No,Yes,No,Maybe,Yes,No,
2015-03-26 20:51:45,32,Male (CIS),United Kingdom,,No,No,Yes,Never,6-25,No,Yes,Yes,Yes,No,No,Don't know,Very easy,No,Maybe,Some of them,Yes,Maybe,Yes,Yes,Yes,
2015-03-27 06:50:58,26,Male,United States,MN,No,Yes,Yes,nan,1-5,No,Yes,Don't know,No,No,Don't know,Don't know,Somewhat easy,No,No,Some of them,Yes,Yes,Maybe,Don't know,No,
2015-03-27 16:50:11,33,Woman,Netherlands,,No,Yes,Yes,nan,26-100,No,No,Don't know,No,No,Yes,Don't know,Somewhat easy,Maybe,No,Some of them,Some of them,No,Maybe,Yes,Yes,
2015-03-28 02:49:24,31,Cis Female,Netherlands,,No,No,Yes,Sometimes,More than 1000,No,Yes,Don't know,No,No,No,Yes,Don't know,Maybe,No,Some of them,Yes,No,Yes,Yes,No,
2015-03-28 12:48:37,30,Trans-female,United States,MN,No,No,No,nan,26-100,Yes,No,No,Not sure,No,Don't know,Don't know,Somewhat easy,No,Yes,Some of them,Yes,No,Maybe,Don't know,No,Working remote is empowering. I've seen negative consequences in previous workplaces.
2015-03-28 22:47:50,25,Androgyne,Australia,,No,Yes,Yes,Sometimes,26-100,No,No,Don't know,Yes,No,Don't know,Don't know,Don't know,No,No,Some of them,No,No,No,Don't know,No,
2015-03-29 08:47:03,27,M,Spain,,No,No,No,Sometimes,26-100,Yes,Yes,Don't know,Yes,No,Don't know,Don't know,Somewhat easy,Maybe,No,No,Yes,No,No,Yes,No,
2015-03-29 18:46:16,37,Trans-female,Canada,,Yes,No,No,Rarely,26-100,No,Yes,No,Not sure,No,Yes,Don't know,Very difficult,Yes,Maybe,No,Yes,No,Maybe,Don't know,No,
2015-03-30 04:45:29,35,Male (CIS),Germany,,No,Yes,Yes,Sometimes,26-100,No,No,No,No,No,No,No,Somewhat easy,Maybe,No,Yes,Yes,Maybe,Maybe,No,No,
2015-03-30 14:44:42,25,fluid,United States,GA,No,Yes,Yes,Often,100-500,No,Yes,No,Yes,No,No,Yes,Don't know,Yes,No,Some of them,Some of them,No,Maybe,Don't know,No,
2015-03-31 00:43:55,32,Enby,United States,TX,No,No,Yes,Sometimes,More than 1000,No,Yes,Yes,Yes,Yes,Don't know,Don't know,Don't know,No,No,Yes,Some of them,No,No,Don't know,No,
2015-03-31 10:43:08,37,Cis Female,United States,IL,No,No,No,Sometimes,1-5,Yes,Yes,Yes,Not sure,No,No,Yes,Somewhat difficult,No,No,Some of them,Yes,No,No,Don't know,No,
2015-03-31 20:42:21,20,Trans-female,United States,CA,No,No,No,Rarely,6-25,Yes,Yes,Yes,No,No,No,Don't know,Very easy,Maybe,Maybe,Some of them,Yes,No,Maybe,Yes,Yes,Working remote is empowering. I've seen negative consequences in previous workplaces.
2015-04-01 06:41:34,35,cis male,South Africa,,No,No,Yes,Often,More than 1000,No,Yes,Yes,Yes,Yes,No,No,Somewhat easy,Yes,No,Yes,Yes,No,Yes,Yes,No,
2015-04-01 16:40:47,27,F,United States,TN,No,Yes,No,nan,More than 1000,No,Yes,No,Not sure,Yes,No,Don't know,Don't know,Maybe,No,Some of them,Some of them,No,Maybe,Don't know,No,
2015-04-02 02:40:00,35,Enby,United Kingdom,,No,No,No,Often,1-5,Yes,Yes,Don't know,Yes,No,Don't know,Don't know,Somewhat easy,Yes,No,Some of them,No,No,Maybe,Don't know,No,
2015-04-02 12:39:13,26,F,Canada,,No,No,No,Rarely,6-25,No,No,Yes,No,Don't know,No,Don't know,Somewhat easy,Yes,No,Some of them,Some of them,No,Maybe,No,No,
2015-04-02 22:38:26,19,Guy (-ish) ^_^,Germany,,No,No,No,Never,More than 1000,No,Yes,Yes,Yes,No,No,Yes,Very difficult,No,Maybe,Some of them,No,No,Maybe,Don't know,No,
2015-04-03 08:37:39,20,f,South Africa,,No,Yes,No,Sometimes,1-5,Yes,Yes,Yes,No,No,No,Don't know,Somewhat easy,No,Maybe,No,Some of them,No,Yes,Don't know,No,
2015-04-03 18:36:52,32,Enby,United States,MI,Yes,Yes,Yes,Sometimes,26-100,No,Yes,Don't know,Yes,No,No,Yes,Very easy,No,No,Yes,Some of them,No,Maybe,Don't know,Yes,
2015-04-04 04:36:05,33,Male-ish,United States,PA,No,Yes,Yes,Never,1-5,Yes,Yes,No,Not sure,No,Yes,Don't know,Somewhat easy,No,No,No,Some of them,No,Maybe,Don't know,No,Working remote is empowering. I've seen negative consequences in previous workplaces.
2015-04-04 14:35:18,25,Male (CIS),United States,TN,No,No,Yes,Rarely,6-25,No,Yes,No,Yes,Don't know,No,Yes,Don't know,No,No,Yes,No,No,Yes,Don't know,No,
2015-04-05 00:34:31,36,Trans-female,United States,OR,No,No,Yes,Never,100-500,Yes,Yes,No,Yes,Don't know,Yes,Don't know,Very easy,Yes,No,No,Yes,No,No,Don't know,No,
2015-04-05 10:33:44,20,Enby,United States,TX,Yes,No,No,Often,1-5,No,Yes,Yes,Yes,Yes,Don't know,Yes,Somewhat easy,No,No,Yes,No,No,Maybe,Don't know,No,
2015-04-05 20:32:57,31,m,United States,MI,No,Yes,No,Never,More than 1000,No,Yes,Yes,No,Don't know,Don't know,Don't know,Very difficult,No,Maybe,Some of them,No,No,Yes,No,Yes,
2015-04-06 06:32:11,23,maile,Canada,,No,Yes,Yes,Sometimes,26-100,No,Yes,Yes,No,No,No,Don't know,Somewhat easy,No,No,Yes,No,No,No,Don't know,No,
2015-04-06 16:31:24,27,Cis Male,United States,MI,No,No,No,Sometimes,6-25,No,No,Yes,Not sure,Don't know,No,No,Don't know,Yes,No,Some of them,Yes,No,Maybe,No,No,
2015-04-07 02:30:37,32,Male-ish,United States,OH,Yes,No,No,nan,1-5,No,Yes,No,Yes,Yes,Yes,No,Very easy,Maybe,No,Yes,No,No,No,Yes,No,
2015-04-07 12:29:50,25,female,United Kingdom,,No,No,Yes,Often,More than 1000,No,No,Don't know,No,Don't know,Yes,Yes,Don't know,Yes,No,Some of them,No,No,Yes,Don't know,No,Our health plan has covered my psychotherapy and antidepressant medication. Manager has been discreet throughout.
2015-04-07 22:29:03,29,non-binary,United States,MN,No,Yes,No,nan,6-25,No,No,No,No,Don't know,No,Don't know,Don't know,Yes,No,No,No,No,No,Yes,No,
2015-04-08 08:28:16,39,Femake,United States,WA,No,No,No,Sometimes,100-500,Yes,Yes,Don't know,Yes,Yes,No,Don't know,Don't know,Maybe,No,No,Yes,Maybe,No,Don't know,No,
2015-04-08 18:27:29,27,female ,Canada,,No,Yes,Yes,nan,More than 1000,No,Yes,Yes,Not sure,No,No,Don't know,Very easy,No,No,Yes,No,Maybe,Yes,Don't know,No,
2015-04-09 04:26:42,37,Male-ish,United Kingdom,,No,Yes,No,Sometimes,6-25,No,Yes,Yes,Not sure,Don't know,Yes,Don't know,Somewhat easy,No,No,No,Yes,No,No,No,Yes,
2015-04-09 14:25:55,24,fluid,Canada,,No,No,No,Sometimes,6-25,No,No,Don't know,No,Yes,No,Don't know,Don't know,No,Maybe,Some of them,Some of them,Maybe,Maybe,Yes,No,
2015-04-10 00:25:08,35,F,United States,IN,Yes,Yes,Yes,nan,6-25,No,Yes,No,Not sure,Yes,Don't know,Don't know,Somewhat easy,Maybe,No,Some of them,No,No,Maybe,No,No,
2015-04-10 10:24:21,42,Female (trans),Germany,,Yes,Yes,Yes,Sometimes,More than 1000,No,Yes,Yes,Yes,No,Don't know,Yes,Don't know,No,Maybe,Some of them,Yes,Yes,No,No,No,
2015-04-10 20:23:34,18,female ,United Kingdom,,No,No,Yes,Rarely,More than 1000,No,Yes,No,Yes,No,Don't know,Yes,Very difficult,No,No,Some of them,Yes,No,Maybe,Don't know,No,In small startups it is hard to keep mental health issues private.
2015-04-11 06:22:47,26,m,United States,IN,No,No,No,Sometimes,More than 1000,Yes,Yes,No,Yes,Don't know,Don't know,Don't know,Somewhat easy,Maybe,Maybe,Some of them,No,No,Yes,Don't know,No,
2015-04-11 16:22:00,36,Femake,United Kingdom,,No,No,No,Rarely,100-500,No,Yes,Don't know,No,No,No,Don't know,Very easy,Maybe,No,Some of them,Yes,No,Maybe,Don't know,No,
2015-04-12 02:21:13,30,Male-ish,Germany,,No,No,No,nan,1-5,No,Yes,No,Not sure,No,Yes,Don't know,Don't know,Maybe,No,Some of them,Some of them,No,No,No,No,
2015-04-12 12:20:26,34,cis-female/femme,United States,MI,No,Yes,Yes,Sometimes,More than 1000,Yes,Yes,Don't know,No,No,Don't know,Yes,Very easy,No,Maybe,Yes,No,No,No,No,No,
2015-04-12 22:19:39,27,M,United States,TX,Yes,Yes,Yes,Rarely,6-25,Yes,Yes,Don't know,No,No,Don't know,Don't know,Very easy,Yes,No,Yes,Yes,No,No,Yes,No,
2015-04-13 08:18:52,32,Male (CIS),Switzerland,,No,No,No,Sometimes,100-500,No,Yes,No,Not sure,No,No,Don't know,Somewhat difficult,Maybe,No,Some of them,No,No,Maybe,Don't know,No,
2015-04-13 18:18:05,30,fluid,Canada,,No,No,No,Rarely,26-100,Yes,Yes,No,Yes,No,Don't know,Don't know,Don't know,No,No,Some of them,Yes,No,Maybe,Don't know,Yes,
2015-04-14 04:17:18,40,maile,United States,WA,Yes,No,Yes,Sometimes,More than 1000,No,Yes,Yes,Not sure,No,No,Don't know,Don't know,Yes,No,Some of them,Some of them,Maybe,No,No,No,Our health plan has covered my psychotherapy and antidepressant medication. Manager has been discreet throughout.
2015-04-14 14:16:31,33,Enby,United Kingdom,,Yes,Yes,Yes,Sometimes,More than 1000,Yes,Yes,Don't know,Yes,No,No,Yes,Very easy,Yes,No,Some of them,Yes,No,Yes,No,No,
2015-04-15 00:15:44,34,Make,United States,PA,No,No,No,Sometimes,26-100,No,Yes,Yes,No,No,Don't know,Yes,Don't know,No,Maybe,Some of them,Some of them,No,No,Don't know,No,
2015-04-15 10:14:57,29,female ,United States,IL,No,Yes,Yes,Sometimes,1-5,No,No,Yes,Not sure,No,Don't know,Don't know,Don't know,Maybe,No,Some of them,No,No,Maybe,Don't know,No,
2015-04-15 20:14:10,28,cis-female/femme,United States,GA,Yes,No,Yes,nan,6-25,Yes,Yes,Don't know,No,No,Don't know,Don't know,Very difficult,Maybe,No,Some of them,Some of them,No,Maybe,Don't know,No,
2015-04-16 06:13:23,28,f,Australia,,No,No,No,Never,More than 1000,No,Yes,No,Not sure,No,No,No,Don't know,No,Maybe,Some of them,Yes,No,No,Don't know,No,
2015-04-16 16:12:36,34,cis male,Australia,,No,No,No,Sometimes,6-25,No,Yes,Don't know,No,No,Don't know,Don't know,Very difficult,Yes,No,Some of them,Yes,No,Yes,No,No,
2015-04-17 02:11:49,29,Man,United States,TN,No,No,No,Never,1-5,No,Yes,Yes,Not sure,Don't know,No,Yes,Don't know,No,No,Some of them,Some of them,Yes,Maybe,Yes,No,
2015-04-17 12:11:02,34,male,United States,NC,No,No,Yes,Sometimes,6-25,No,Yes,Yes,No,No,Don't know,Yes,Very easy,Yes,Maybe,No,No,No,No,Yes,No,I openly discuss my mental health struggles to encourage others to seek treatment.
2015-04-17 22:10:15,46,cis male,United States,CA,Yes,No,Yes,Often,6-25,No,Yes,Don't know,Yes,No,No,Yes,Somewhat easy,Maybe,No,Yes,Yes,No,Maybe,Don't know,No,
2015-04-18 08:09:28,38,Femake,Spain,,No,No,No,nan,26-100,No,Yes,Yes,Not sure,Don't know,Don't know,Don't know,Somewhat easy,Maybe,No,Some of them,Yes,No,No,Don't know,No,
2015-04-18 18:08:41,29,Trans woman,Sweden,,No,Yes,Yes,Never,26-100,No,Yes,Yes,Yes,No,Yes,Don't know,Very difficult,No,No,Some of them,Yes,No,No,Don't know,No,
2015-04-19 04:07:54,40,Androgyne,United Kingdom,,No,No,No,nan,6-25,No,Yes,No,Yes,Yes,No,Yes,Don't know,No,No,Some of them,No,No,Maybe,No,No,
2015-04-19 14:07:07,29,non-binary,Canada,,No,Yes,No,Rarely,More than 1000,No,Yes,Yes,Not sure,Don't know,No,Don't know,Somewhat difficult,No,No,Some of them,Yes,No,No,Yes,No,
2015-04-20 00:06:20,18,Genderqueer,United Kingdom,,No,No,Yes,Sometimes,26-100,No,Yes,Don't know,Yes,No,Don't know,Don't know,Very easy,No,No,Some of them,Yes,No,Maybe,Don't know,No,
2015-04-20 10:05:33,24,Femake,United States,GA,Yes,No,No,Often,6-25,No,Yes,No,Not sure,No,Don't know,Don't know,Don't know,No,No,Some of them,Yes,No,Maybe,Don't know,Yes,
2015-04-20 20:04:46,18,Make,United States,PA,No,No,No,Never,26-100,Yes,Yes,Yes,Yes,No,Don't know,Don't know,Somewhat difficult,Yes,Yes,Some of them,Yes,No,No,Don't know,No,I openly discuss my mental health struggles to encourage others to seek treatment.
2015-04-21 06:03:59,29,Agender,United States,PA,Yes,Yes,No,Rarely,100-500,No,No,Don't know,No,No,Don't know,Yes,Don't know,No,No,Some of them,Yes,Maybe,Maybe,Don't know,No,
2015-04-21 16:03:12,32,Femake,United Kingdom,,No,Yes,No,nan,100-500,No,Yes,Don't know,No,No,No,Don't know,Very easy,Maybe,No,No,Some of them,No,No,Yes,No,
2015-04-22 02:02:25,43,Woman,United Kingdom,,No,No,No,Never,100-500,Yes,No,Don't know,No,No,No,Yes,Don't know,Maybe,No,Some of them,Yes,No,Maybe,Yes,No,
2015-04-22 12:01:38,34,m,United States,TN,No,No,No,nan,100-500,Yes,Yes,Don't know,No,Don't know,No,Yes,Somewhat difficult,Yes,No,Some of them,Some of them,No,No,Don't know,No,
2015-04-22 22:00:51,30,female,Ireland,,No,No,No,Often,26-100,No,Yes,Yes,Yes,No,No,Don't know,Somewhat easy,Yes,No,Some of them,No,Maybe,Maybe,No,No,
2015-04-23 08:00:04,37,F,United States,PA,No,Yes,Yes,Never,6-25,Yes,Yes,No,No,No,Don't know,Don't know,Don't know,No,No,Some of them,Yes,No,No,Yes,No,
2015-04-23 17:59:17,18,fluid,United States,NC,No,No,No,Rarely,26-100,No,Yes,No,No,Don't know,No,Yes,Somewhat easy,Yes,No,Yes,Yes,Maybe,No,Don't know,No,
2015-04-24 03:58:30,33,Cis Female,United Kingdom,,No,No,No,Sometimes,1-5,Yes,Yes,Yes,No,No,Yes,Don't know,Don't know,Maybe,No,No,No,No,Yes,Don't know,No,I openly discuss my mental health struggles to encourage others to seek treatment.
2015-04-24 13:57:43,37,Guy (-ish) ^_^,United Kingdom,,No,Yes,Yes,nan,500-1000,No,Yes,Yes,Not sure,No,Yes,No,Don't know,Yes,No,Some of them,No,No,Yes,No,No,
2015-04-24 23:56:56,21,Female (trans),United Kingdom,,No,Yes,Yes,Rarely,More than 1000,No,Yes,Yes,Yes,No,Yes,Yes,Don't know,Maybe,No,No,No,No,Maybe,Yes,No,
2015-04-25 09:56:09,40,m,United States,OH,No,No,No,Sometimes,6-25,No,Yes,Yes,No,No,Yes,Don't know,Don't know,Maybe,Maybe,No,Yes,No,Maybe,Don't know,No,
2015-04-25 19:55:22,34,female,United States,OH,No,No,Yes,Sometimes,6-25,Yes,Yes,Don't know,Not sure,Yes,No,Yes,Don't know,No,Maybe,Some of them,Some of them,No,No,Yes,No,
2015-04-26 05:54:36,29,male,United Kingdom,,No,No,No,Rarely,26-100,No,Yes,Yes,No,No,Yes,Don't know,Somewhat easy,No,No,Some of them,Some of them,No,No,Don't know,No,
2015-04-26 15:53:49,36,Trans-female,United States,IN,No,No,No,Sometimes,More than 1000,No,Yes,Yes,Not sure,No,No,Don't know,Somewhat easy,Maybe,No,Yes,No,No,Maybe,No,No,
2015-04-27 01:53:02,47,Agender,United States,MA,No,No,Yes,Sometimes,6-25,No,No,No,Yes,No,No,Yes,Somewhat easy,Yes,Maybe,Some of them,No,No,Maybe,No,No,
2015-04-27 11:52:15,33,Make,United Kingdom,,Yes,No,No,Never,1-5,Yes,Yes,Yes,No,No,Don't know,Yes,Don't know,Maybe,No,Some of them,No,No,No,Yes,Yes,Our health plan has covered my psychotherapy and antidepressant medication. Manager has been discreet throughout.
2015-04-27 21:51:28,33,fluid,United States,MA,No,Yes,Yes,Sometimes,26-100,Yes,Yes,No,Yes,No,No,Don't know,Very easy,No,No,Some of them,Yes,No,Yes,No,No,
2015-04-28 07:50:41,28,cis male,United Kingdom,,No,Yes,Yes,Never,1-5,No,Yes,No,Not sure,Don't know,Yes,Don't know,Very easy,Yes,Maybe,No,Yes,No,Yes,Don't know,No,
2015-04-28 17:49:54,26,Agender,Germany,,No,No,No,Sometimes,100-500,No,Yes,Yes,Yes,Yes,Don't know,Don't know,Don't know,Maybe,No,Yes,No,No,Maybe,Yes,No,
2015-04-29 03:49:07,37,non-binary,United States,OH,No,No,Yes,Sometimes,100-500,No,Yes,No,Not sure,No,Don't know,Don't know,Somewhat difficult,No,Yes,Yes,Some of them,No,Maybe,No,No,
2015-04-29 13:48:20,26,Genderqueer,United States,NY,No,No,Yes,Often,More than 1000,No,No,No,No,No,No,Don't know,Somewhat easy,No,Maybe,No,Yes,No,Maybe,Yes,No,
2015-04-29 23:47:33,32,Male,Canada,,No,No,No,Never,More than 1000,Yes,Yes,Don't know,No,No,Don't know,Don't know,Very easy,No,No,Yes,No,No,No,Yes,No,
2015-04-30 09:46:46,28,Trans woman,United Kingdom,,No,Yes,Yes,Sometimes,More than 1000,No,No,Yes,No,No,No,Don't know,Don't know,Yes,No,No,Some of them,No,No,No,No,
2015-04-30 19:45:59,35,Trans-female,United Kingdom,,No,No,Yes,Sometimes,More than 1000,No,Yes,Don't know,No,No,Yes,Yes,Don't know,Yes,Maybe,No,Yes,No,No,Don't know,No,In small startups it is hard to keep mental health issues private.
2015-05-01 05:45:12,34,cis male,Germany,,No,Yes,No,Rarely,More than 1000,No,Yes,No,No,No,No,Don't know,Somewhat difficult,No,No,Yes,Yes,Maybe,No,Don't know,No,
2015-05-01 15:44:25,39,Enby,Canada,,Yes,No,Yes,Sometimes,500-1000,No,Yes,Don't know,Not sure,No,Don't know,Don't know,Somewhat difficult,No,Maybe,Some of them,Some of them,No,Maybe,Yes,Yes,
2015-05-02 01:43:38,28,Make,India,,Yes,No,No,Sometimes,100-500,No,Yes,Yes,No,No,No,Yes,Don't know,Yes,No,No,Yes,No,Maybe,No,No,
2015-05-02 11:42:51,30,Androgyne,United States,IL,No,No,No,Sometimes,100-500,No,Yes,Don't know,Yes,Don't know,No,Yes,Don't know,Yes,No,No,Yes,No,Yes,No,No,
2015-05-02 21:42:04,25,m,United States,WA,No,No,Yes,nan,1-5,No,Yes,Don't know,Yes,Don't know,No,Yes,Very easy,Yes,Maybe,Yes,Yes,No,Maybe,Yes,No,
2015-05-03 07:41:17,28,cis-female/femme,United States,GA,No,Yes,Yes,Often,6-25,No,Yes,Don't know,Not sure,No,No,Don't know,Somewhat easy,Maybe,No,Yes,Yes,No,Maybe,No,No,
2015-05-03 17:40:30,34,Cis Female,United States,MI,Yes,No,No,Often,6-25,No,No,No,Not sure,No,Don't know,Don't know,Somewhat difficult,No,Maybe,Yes,Some of them,No,No,Yes,No,
2015-05-04 03:39:43,37,M,United States,IL,No,Yes,Yes,Often,More than 1000,No,Yes,Don't know,Not sure,Yes,No,Don't know,Don't know,Maybe,No,Yes,No,No,No,Don't know,No,I openly discuss my mental health struggles to encourage others to seek treatment.
2015-05-04 13:38:56,25,maile,United States,MI,No,No,No,Rarely,More than 1000,No,Yes,No,Not sure,No,No,Don't know,Don't know,No,Maybe,Some of them,Yes,No,Yes,No,No,
2015-05-04 23:38:09,38,Male,Australia,,No,No,No,Never,1-5,Yes,Yes,No,Not sure,Yes,Don't know,Don't know,Don't know,Yes,No,Some of them,No,No,Maybe,Don't know,No,
2015-05-05 09:37:22,41,F,United States,OR,No,No,No,Rarely,26-100,No,Yes,Don't know,Not sure,No,No,Don't know,Don't know,No,No,Some of them,Some of them,No,No,Don't know,No,
2015-05-05 19:36:35,34,cis male,United States,PA,No,No,No,Sometimes,More than 1000,No,No,Yes,Yes,No,No,Don't know,Don't know,Yes,No,Some of them,Yes,No,No,Don't know,No,
2015-05-06 05:35:48,45,Female ,United States,CA,No,Yes,No,Rarely,More than 1000,Yes,No,No,No,No,Yes,Don't know,Somewhat difficult,No,No,Some of them,Yes,No,Yes,Don't know,No,
2015-05-06 15:35:01,26,cis male,United States,PA,No,No,Yes,Often,6-25,No,Yes,No,Yes,Yes,No,Yes,Somewhat easy,Yes,Maybe,Some of them,Some of them,No,No,Don't know,No,
2015-05-07 01:34:14,23,cis male,United States,IL,No,Yes,No,Never,More than 1000,No,Yes,Yes,Yes,No,No,Don't know,Somewhat difficult,No,No,Some of them,Some of them,No,No,Don't know,No,
2015-05-07 11:33:27,19,non-binary,United States,IN,No,No,Yes,Sometimes,1-5,No,Yes,Don't know,No,No,No,Yes,Don't know,Maybe,No,Yes,Yes,No,Maybe,Don't know,Yes,Working remote is empowering. I've seen negative consequences in previous workplaces.
2015-05-07 21:32:40,42,male,United States,OH,No,Yes,Yes,Sometimes,6-25,No,Yes,Yes,No,No,No,Don't know,Don't know,Maybe,No,Some of them,Yes,No,No,Don't know,No,
2015-05-08 07:31:53,36,Androgyne,United Kingdom,,No,Yes,No,Rarely,More than 1000,No,Yes,No,Yes,Yes,Don't know,Don't know,Don't know,No,No,Yes,No,No,Maybe,Yes,No,
2015-05-08 17:31:06,31,fluid,Netherlands,,No,No,Yes,Often,More than 1000,No,Yes,No,Not sure,Yes,No,Don't know,Don't know,Yes,No,Yes,Yes,No,Maybe,No,No,
2015-05-09 03:30:19,33,Femake,Netherlands,,No,No,No,nan,6-25,Yes,No,Yes,No,Yes,Don't know,Don't know,Very easy,Maybe,No,Some of them,No,No,Maybe,No,No,
2015-05-09 13:29:32,24,Female ,United Kingdom,,No,Yes,Yes,Sometimes,6-25,Yes,No,No,Not sure,Yes,No,Don't know,Don't know,Maybe,No,Some of them,Yes,No,No,No,No,
2015-05-09 23:28:45,49,Androgyne,United States,MI,No,Yes,Yes,Often,500-1000,No,Yes,Yes,Yes,No,No,Yes,Don't know,Yes,Maybe,No,Yes,Maybe,Maybe,Don't know,No,
2015-05-10 09:27:58,32,Male (CIS),Germany,,No,No,No,Rarely,26-100,No,Yes,No,Not sure,No,No,Yes,Don't know,Yes,No,No,No,No,Yes,No,No,
2015-05-10 19:27:11,32,M,Netherlands,,No,No,No,nan,6-25,No,No,Don't know,Not sure,No,Don't know,Don't know,Don't know,Maybe,Yes,Some of them,Some of them,No,No,Don't know,No,I openly discuss my mental health struggles to encourage others to seek treatment.
2015-05-11 05:26:24,37,maile,United States,MN,No,Yes,Yes,Never,6-25,No,Yes,Yes,Not sure,No,Yes,Don't know,Very easy,Yes,No,Some of them,No,No,Maybe,Don't know,No,
2015-05-11 15:25:37,35,Genderqueer,United Kingdom,,No,No,No,Never,More than 1000,No,Yes,Yes,Yes,Yes,Don't know,No,Don't know,No,No,Some of them,Yes,No,No,Yes,No,
2015-05-12 01:24:50,33,male,United States,TN,No,No,Yes,Rarely,More than 1000,Yes,Yes,Yes,No,Yes,Yes,Don't know,Very easy,No,No,Some of them,Some of them,No,Maybe,Yes,No,
2015-05-12 11:24:03,26,Female ,Canada,,No,No,Yes,Often,More than 1000,No,Yes,Don't know,Yes,No,No,Don't know,Very easy,Maybe,No,Some of them,No,Maybe,Maybe,No,Yes,
2015-05-12 21:23:16,35,Female (trans),South Africa,,No,No,Yes,nan,6-25,Yes,No,Don't know,Not sure,No,No,Don't know,Don't know,No,No,Some of them,Yes,No,No,Yes,No,
2015-05-13 07:22:29,45,fluid,United States,OR,No,No,Yes,Sometimes,1-5,Yes,Yes,Yes,Not sure,Yes,No,Yes,Don't know,Maybe,Maybe,No,Yes,No,Yes,Don't know,No,
2015-05-13 17:21:42,41,Cis Female,Netherlands,,Yes,No,Yes,Sometimes,26-100,Yes,Yes,Yes,Not sure,No,No,Don't know,Very easy,No,No,Yes,Yes,No,No,No,Yes,
2015-05-14 03:20:55,43,male,United Kingdom,,No,No,No,nan,26-100,No,Yes,Yes,No,No,No,Don't know,Very easy,Maybe,Maybe,No,No,No,No,Yes,No,Thanks for doing this survey. It helps end the stigma!
2015-05-14 13:20:08,28,Enby,Brazil,,No,Yes,No,Never,More than 1000,No,No,No,Yes,No,No,Don't know,Don't know,Yes,No,Yes,No,Maybe,No,No,No,
2015-05-14 23:19:21,25,Female ,United States,OH,No,Yes,Yes,Rarely,26-100,No,No,No,No,No,No,Don't know,Don't know,Maybe,No,No,Yes,No,Maybe,No,No,
2015-05-15 09:18:34,31,m,Germany,,nan,No,Yes,Never,1-5,No,Yes,Yes,No,No,No,Don't know,Don't know,Yes,No,No,Yes,No,No,Don't know,Yes,
2015-05-15 19:17:47,32,M,United States,IL,No,Yes,Yes,Sometimes,1-5,No,Yes,Don't know,No,No,No,Yes,Don't know,Yes,Maybe,Some of them,Yes,Maybe,No,Don't know,No,
2015-05-16 05:17:00,39,Agender,United States,IN,No,No,No,Often,26-100,No,Yes,Yes,No,No,No,Don't know,Don't know,No,No,Some of them,No,No,Maybe,Don't know,No,
2015-05-16 15:16:14,20,Femake,United States,TN,No,No,No,Often,1-5,No,Yes,No,Not sure,Yes,Yes,Don't know,Don't know,No,Maybe,Yes,Yes,No,Yes,Don't know,No,
2015-05-17 01:15:27,42,Enby,Brazil,,No,Yes,Yes,Sometimes,100-500,No,Yes,No,No,No,No,Don't know,Don't know,No,No,Yes,Yes,Maybe,No,Don't know,No,
2015-05-17 11:14:40,30,Androgyne,Canada,,No,No,Yes,Sometimes,1-5,Yes,Yes,Don't know,No,No,Don't know,Don't know,Don't know,Yes,No,Some of them,Some of them,No,Maybe,Don't know,Yes,Working remote is empowering. I've seen negative consequences in previous workplaces.
2015-05-17 21:13:53,29,Woman,Germany,,No,No,Yes,nan,26-100,No,Yes,No,Not sure,Yes,Don't know,Yes,Don't know,No,No,Some of them,No,No,Yes,No,No,
2015-05-18 07:13:06,24,Cis Female,Ireland,,Yes,No,Yes,Sometimes,More than 1000,No,Yes,No,No,No,No,Don't know,Somewhat difficult,No,Maybe,No,Yes,No,Maybe,No,Yes,
2015-05-18 17:12:19,20,female,United States,NC,Yes,No,Yes,nan,26-100,No,Yes,No,No,No,No,Don't know,Somewhat easy,Yes,No,Some of them,No,No,Yes,Yes,No,
2015-05-19 03:11:32,37,cis male,United States,CA,No,No,Yes,Sometimes,1-5,Yes,No,Don't know,No,Don't know,No,Don't know,Very difficult,Maybe,No,Some of them,Yes,No,Maybe,Don't know,No,
2015-05-19 13:10:45,32,female,United States,MN,No,No,Yes,Rarely,6-25,No,Yes,Yes,No,No,Don't know,Don't know,Don't know,No,Maybe,No,Some of them,No,No,Don't know,Yes,
2015-05-19 23:09:58,22,non-binary,United States,MI,No,No,No,nan,More than 1000,No,Yes,Yes,No,Don't know,No,Don't know,Very easy,No,No,Some of them,Some of them,No,No,Yes,No,
2015-05-20 09:09:11,22,Female ,United States,IL,Yes,No,Yes,Rarely,26-100,No,No,Yes,No,No,No,Yes,Don't know,Yes,Maybe,No,No,No,No,Don't know,No,
2015-05-20 19:08:24,29,Androgyne,United States,GA,No,Yes,No,Never,26-100,Yes,Yes,Don't know,Yes,No,No,Don't know,Somewhat easy,Yes,Maybe,Yes,Some of them,No,Maybe,No,No,Working remote is empowering. I've seen negative consequences in previous workplaces.
2015-05-21 05:07:37,43,female,United States,WA,No,Yes,Yes,Often,More than 1000,Yes,Yes,Yes,No,No,Yes,Yes,Don't know,No,No,Some of them,Yes,No,Maybe,No,No,
2015-05-21 15:06:50,30,Female ,United States,TX,No,No,No,Sometimes,1-5,No,Yes,Yes,No,No,No,Yes,Don't know,Maybe,Maybe,Some of them,Some of them,No,Maybe,Don't know,No,
2015-05-22 01:06:03,21,female ,United States,TN,No,Yes,Yes,Sometimes,More than 1000,No,Yes,Don't know,Not sure,Don't know,Don't know,Yes,Very difficult,Yes,No,Some of them,Yes,No,Yes,Yes,Yes,
2015-05-22 11:05:16,30,Female ,United States,IL,No,Yes,No,nan,1-5,No,Yes,Yes,Yes,No,No,Don't know,Somewhat easy,Yes,No,Some of them,Yes,No,Maybe,Don't know,No,
2015-05-22 21:04:29,30,cis-female/femme,Brazil,,No,No,Yes,Often,26-100,No,Yes,Don't know,Not sure,Yes,Yes,Don't know,Very difficult,Yes,No,No,Some of them,No,No,Yes,Yes,
2015-05-23 07:03:42,18,maile,Canada,,No,Yes,No,Rarely,More than 1000,No,No,No,Yes,Don't know,Don't know,No,Don't know,Maybe,No,Some of them,No,No,No,Don't know,No,
2015-05-23 17:02:55,31,f,India,,No,No,No,Sometimes,26-100,Yes,Yes,No,No,No,No,Yes,Don't know,Yes,No,Some of them,Some of them,No,Yes,Don't know,No,
2015-05-24 03:02:08,30,m,United States,IN,No,No,Yes,Sometimes,6-25,Yes,Yes,Don't know,Not sure,Don't know,Yes,Yes,Don't know,No,No,Some of them,Yes,No,Maybe,Yes,No,Working remote is empowering. I've seen negative consequences in previous workplaces.
2015-05-24 13:01:21,36,Guy (-ish) ^_^,United States,OH,No,No,Yes,Sometimes,More than 1000,No,Yes,Don't know,No,No,Don't know,Don't know,Very easy,No,No,Some of them,No,No,Yes,Yes,No,
2015-05-24 23:00:34,44,f,Canada,,No,No,Yes,Rarely,More than 1000,No,Yes,Don't know,No,No,No,Don't know,Somewhat easy,Maybe,No,Some of them,Yes,No,Maybe,Yes,No,
2015-05-25 08:59:47,39,Femake,United States,WA,No,Yes,Yes,Often,More than 1000,No,Yes,Yes,Yes,Yes,No,Yes,Very difficult,Maybe,No,No,No,Maybe,No,Yes,No,
2015-05-25 18:59:00,30,Trans woman,United States,NY,No,No,No,Never,100-500,Yes,Yes,No,Yes,No,Don't know,Don't know,Don't know,Yes,No,Some of them,Yes,No,No,Yes,No,
2015-05-26 04:58:13,24,Female ,United States,TN,No,No,No,nan,More than 1000,Yes,Yes,Yes,Not sure,No,Yes,Don't know,Very easy,No,Maybe,Some of them,Yes,No,Maybe,No,No,
2015-05-26 14:57:26,50,non-binary,United States,MN,No,No,No,Sometimes,6-25,No,Yes,Yes,Not sure,No,Don't know,Don't know,Don't know,Yes,No,Some of them,Yes,No,Maybe,No,No,
2015-05-27 00:56:39,32,f,United States,WA,No,No,Yes,Sometimes,6-25,No,Yes,No,No,No,Don't know,Don't know,Don't know,No,Maybe,Yes,Some of them,No,No,No,No,
2015-05-27 10:55:52,32,female ,United States,IN,No,Yes,Yes,Sometimes,More than 1000,No,Yes,Yes,Yes,No,Don't know,Don't know,Somewhat easy,Maybe,No,Some of them,Yes,No,Maybe,No,No,I openly discuss my mental health struggles to encourage others to seek treatment.
2015-05-27 20:55:05,31,M,United Kingdom,,No,No,No,Never,26-100,No,No,Yes,Yes,No,No,Don't know,Somewhat easy,No,No,No,Some of them,Maybe,Yes,Yes,No,
2015-05-28 06:54:18,33,maile,United States,OH,No,Yes,Yes,Sometimes,6-25,Yes,Yes,Yes,Not sure,No,Don't know,Don't know,Don't know,Maybe,No,Some of them,Yes,No,Maybe,Yes,No,
2015-05-28 16:53:31,30,Guy (-ish) ^_^,United States,IL,Yes,No,Yes,nan,26-100,No,Yes,Yes,Not sure,No,No,Don't know,Don't know,Maybe,No,No,Yes,Maybe,Yes,Don't know,No,
2015-05-29 02:52:44,27,F,Canada,,No,No,No,Sometimes,More than 1000,Yes,Yes,Yes,Not sure,No,Yes,Don't know,Don't know,No,No,Some of them,Yes,No,No,Don't know,No,
2015-05-29 12:51:57,28,male,United States,PA,No,Yes,Yes,nan,26-100,No,Yes,Yes,No,No,Don't know,Don't know,Don't know,No,No,Yes,Some of them,Maybe,Yes,No,No,
2015-05-29 22:51:10,31,Cis Male,United States,CA,No,Yes,No,Never,100-500,Yes,Yes,Don't know,Not sure,No,Don't know,Yes,Don't know,Maybe,No,No,Yes,No,No,No,No,
2015-05-30 08:50:23,28,Make,Germany,,nan,Yes,Yes,nan,More than 1000,No,Yes,No,No,Don't know,No,Don't know,Don't know,Yes,No,Yes,Yes,No,No,Yes,No,
2015-05-30 18:49:36,27,Female (trans),United States,IN,No,No,No,Rarely,26-100,Yes,Yes,Yes,No,No,No,Don't know,Don't know,No,Maybe,Some of them,Some of them,No,Maybe,Don't know,Yes,Working remote is empowering. I've seen negative consequences in previous workplaces.
2015-05-31 04:48:49,32,Male-ish,United States,MN,No,No,No,nan,100-500,No,Yes,No,Not sure,No,No,Yes,Very difficult,No,No,No,Yes,No,No,Don't know,No,
2015-05-31 14:48:02,30,F,United States,GA,No,Yes,No,Sometimes,More than 1000,No,No,Yes,No,No,Don't know,Yes,Very difficult,No,No,No,No,No,Maybe,Don't know,Yes,
2015-06-01 00:47:15,42,Man,United States,PA,No,No,Yes,Often,More than 1000,No,Yes,Yes,Not sure,No,Don't know,Don't know,Somewhat easy,Yes,No,Some of them,Yes,No,Maybe,Don't know,No,
2015-06-01 10:46:28,18,Female ,United States,MN,No,Yes,Yes,nan,More than 1000,No,No,Yes,No,No,No,Don't know,Very difficult,No,No,Some of them,No,No,No,Yes,No,
2015-06-01 20:45:41,39,Make,Canada,,No,No,Yes,Sometimes,6-25,No,Yes,Don't know,Not sure,Yes,Don't know,Don't know,Very easy,No,Yes,No,Yes,Maybe,No,No,No,
2015-06-02 06:44:54,40,Man,United States,TX,No,Yes,Yes,Sometimes,100-500,No,Yes,Don't know,No,Yes,Yes,Don't know,Don't know,Yes,No,Some of them,No,No,Maybe,Don't know,No,
2015-06-02 16:44:07,18,Cis Female,United States,MN,No,No,No,Never,26-100,Yes,Yes,Don't know,No,Yes,No,Yes,Don't know,Maybe,No,No,Some of them,Maybe,No,Yes,Yes,
2015-06-03 02:43:20,29,Male,United States,WA,No,No,No,nan,1-5,No,No,No,No,Yes,No,No,Somewhat difficult,No,No,Some of them,Some of them,No,No,Don't know,Yes,Thanks for doing this survey. It helps end the stigma!
2015-06-03 12:42:33,29,Male,United States,TX,No,No,Yes,Rarely,100-500,Yes,No,Don't know,Yes,No,Don't know,Yes,Somewhat easy,Yes,No,Some of them,No,No,Maybe,No,Yes,
2015-06-03 22:41:46,22,Man,United Kingdom,,No,No,No,Never,More than 1000,Yes,Yes,Don't know,No,No,Don't know,Don't know,Somewhat difficult,Maybe,No,No,Some of them,No,No,No,Yes,
2015-06-04 08:40:59,26,male,United States,CA,No,No,No,Sometimes,26-100,No,Yes,No,Yes,Don't know,Don't know,Don't know,Somewhat difficult,Maybe,Maybe,Some of them,Yes,No,No,Don't know,No,
2015-06-04 18:40:12,24,m,United States,WA,No,No,No,Sometimes,6-25,No,Yes,Yes,No,Don't know,Don't know,No,Don't know,No,No,Yes,Yes,No,Maybe,No,No,
2015-06-05 04:39:25,44,Male-ish,United States,NC,No,No,No,nan,26-100,No,Yes,Yes,No,Yes,Yes,Don't know,Don't know,Yes,No,Yes,No,No,No,Yes,No,
2015-06-05 14:38:39,38,Genderqueer,United States,MA,No,No,Yes,Sometimes,More than 1000,No,Yes,No,No,Don't know,No,Don't know,Don't know,No,No,No,No,No,No,Don't know,No,
2015-06-06 00:37:52,40,Woman,United States,OH,No,No,Yes,Rarely,26-100,No,No,Don't know,Yes,Yes,No,Yes,Don't know,No,No,No,Yes,No,No,Yes,No,
2015-06-06 10:37:05,37,f,Canada,,No,Yes,No,nan,More than 1000,Yes,Yes,Yes,Not sure,No,No,Don't know,Don't know,No,No,Yes,No,No,Maybe,Don't know,No,Our health plan has covered my psychotherapy and antidepressant medication. Manager has been discreet throughout.
2015-06-06 20:36:18,24,cis male,United States,WA,Yes,No,Yes,Sometimes,6-25,No,Yes,Yes,Not sure,Yes,No,Don't know,Don't know,Maybe,No,Some of them,Yes,Maybe,No,Yes,Yes,
2015-06-07 06:35:31,28,Agender,United States,IN,No,Yes,Yes,Rarely,500-1000,No,Yes,Don't know,No,Don't know,No,Yes,Don't know,Maybe,No,Yes,Some of them,No,Maybe,No,No,
2015-06-07 16:34:44,35,Female,United States,GA,No,No,Yes,Sometimes,6-25,No,Yes,Don't know,Yes,Don't know,No,Don't know,Don't know,Maybe,No,Some of them,Some of them,No,Maybe,No,No,
2015-06-08 02:33:57,23,M,United Kingdom,,No,No,Yes,Rarely,1-5,Yes,Yes,Yes,Not sure,No,Yes,Don't know,Don't know,No,No,Some of them,No,Yes,Maybe,Don't know,No,
2015-06-08 12:33:10,36,female ,United States,OH,No,No,Yes,Sometimes,1-5,No,Yes,No,No,Don't know,Yes,Don't know,Don't know,Maybe,No,Some of them,Yes,No,Yes,Don't know,No,
2015-06-08 22:32:23,30,m,United Kingdom,,No,Yes,Yes,Often,More than 1000,No,No,No,Yes,Yes,No,Don't know,Somewhat easy,Maybe,No,No,No,No,No,Don't know,Yes,
2015-06-09 08:31:36,29,Male-ish,Canada,,Yes,Yes,Yes,Sometimes,100-500,No,Yes,Don't know,Yes,No,Don't know,Don't know,Don't know,No,No,Some of them,Some of them,Maybe,Maybe,Don't know,No,
2015-06-09 18:30:49,36,f,Germany,,No,No,Yes,Never,26-100,No,Yes,Don't know,No,No,Don't know,Don't know,Somewhat easy,Yes,No,Some of them,Yes,No,Maybe,Don't know,Yes,Thanks for doing this survey. It helps end the stigma!
2015-06-10 04:30:02,35,Androgyne,United States,PA,No,No,No,Rarely,More than 1000,Yes,Yes,No,No,No,Yes,Don't know,Very difficult,No,No,Some of them,No,No,Maybe,Yes,No,
2015-06-10 14:29:15,29,f,United States,OR,No,No,No,Sometimes,26-100,Yes,Yes,Yes,No,Yes,Don't know,Yes,Don't know,Maybe,Maybe,Some of them,Some of them,No,Maybe,Yes,No,
2015-06-11 00:28:28,40,cis-female/femme,Germany,,No,No,Yes,Often,26-100,No,Yes,Yes,Yes,No,No,Don't know,Don't know,No,Maybe,No,Yes,No,No,No,Yes,
2015-06-11 10:27:41,24,Female (trans),New Zealand,,No,No,No,Sometimes,More than 1000,No,Yes,Don't know,No,No,Don't know,Yes,Somewhat difficult,Maybe,Yes,No,Yes,No,No,Don't know,No,
2015-06-11 20:26:54,36,Cis Male,Netherlands,,No,No,No,Rarely,More than 1000,No,Yes,No,No,No,Don't know,Don't know,Somewhat easy,Yes,Yes,Some of them,Yes,Yes,Yes,Don't know,No,
2015-06-12 06:26:07,36,Make,United States,TN,No,Yes,No,Sometimes,More than 1000,No,No,Yes,No,No,No,Yes,Very easy,Yes,Maybe,Some of them,No,Maybe,Yes,Don't know,No,
2015-06-12 16:25:20,29,Female,United States,OR,No,No,No,Often,26-100,No,Yes,No,No,No,Yes,Don't know,Don't know,No,Yes,No,Some of them,Maybe,No,Don't know,No,
2015-06-13 02:24:33,34,female,United States,IL,No,Yes,Yes,Sometimes,26-100,No,Yes,Don't know,No,No,Yes,Don't know,Somewhat difficult,Maybe,Maybe,Some of them,No,No,Maybe,Don't know,No,In small startups it is hard to keep mental health issues private.
2015-06-13 12:23:46,23,Female,United Kingdom,,Yes,No,No,Never,6-25,No,No,Yes,Not sure,Yes,Don't know,Yes,Very difficult,No,No,Some of them,Yes,No,Maybe,Don't know,No,
2015-06-13 22:22:59,38,Agender,United States,TN,No,Yes,Yes,Sometimes,6-25,Yes,Yes,Yes,No,Yes,Don't know,Don't know,Somewhat easy,Yes,No,Some of them,No,No,No,Yes,Yes,
2015-06-14 08:22:12,30,Trans-female,United States,MN,No,Yes,Yes,Often,26-100,No,No,Yes,Yes,No,Yes,Don't know,Don't know,Maybe,No,Some of them,No,Maybe,No,No,No,
2015-06-14 18:21:25,28,Female ,Germany,,Yes,Yes,Yes,Sometimes,6-25,Yes,Yes,No,No,Yes,No,Don't know,Somewhat difficult,No,Maybe,Some of them,No,No,No,Don't know,No,
2015-06-15 04:20:38,39,cis male,United States,GA,No,Yes,No,nan,6-25,No,Yes,No,Yes,Don't know,No,Yes,Very easy,No,No,Some of them,Yes,No,Yes,No,Yes,
2015-06-15 14:19:51,27,Enby,Germany,,No,No,No,nan,100-500,No,No,Don't know,Yes,No,No,Don't know,Very easy,Yes,Maybe,No,No,No,Yes,Don't know,Yes,
2015-06-16 00:19:04,22,Trans woman,United States,MI,No,Yes,Yes,Sometimes,6-25,Yes,No,No,No,No,Yes,Don't know,Don't know,Maybe,No,Some of them,No,No,Maybe,No,No,
2015-06-16 10:18:17,21,Enby,United States,TN,No,Yes,Yes,Rarely,More than 1000,No,Yes,No,Not sure,No,Don't know,Don't know,Very easy,No,No,Yes,Yes,No,Maybe,Don't know,No,Working remote is empowering. I've seen negative consequences in previous workplaces.
2015-06-16 20:17:30,36,Male,United States,IN,No,No,Yes,Sometimes,26-100,No,Yes,Don't know,Yes,Yes,No,Don't know,Don't know,No,No,Some of them,No,No,No,Don't know,No,
2015-06-17 06:16:43,23,female ,Canada,,No,Yes,No,Never,1-5,No,Yes,Don't know,Not sure,No,Yes,Don't know,Don't know,No,Maybe,Some of them,Some of them,No,No,Don't know,No,
2015-06-17 16:15:56,44,male,United States,IN,No,Yes,Yes,Often,More than 1000,No,No,Don't know,Yes,No,Don't know,Don't know,Somewhat easy,Maybe,No,Some of them,Yes,Maybe,Maybe,Don't know,No,
2015-06-18 02:15:09,18,maile,United States,NY,No,No,Yes,Rarely,26-100,Yes,Yes,Don't know,Not sure,Don't know,Yes,Don't know,Don't know,Yes,Maybe,No,Some of them,No,No,Yes,No,
2015-06-18 12:14:22,43,male,France,,No,No,Yes,Rarely,More than 1000,Yes,Yes,Yes,Not sure,No,No,Don't know,Very easy,Yes,Maybe,No,Yes,No,No,No,No,
2015-06-18 22:13:35,33,Female ,United States,TN,No,No,No,Sometimes,26-100,No,Yes,Don't know,Not sure,Don't know,No,Yes,Somewhat easy,Maybe,No,No,Some of them,No,No,No,No,
2015-06-19 08:12:48,31,cis-female/femme,United States,CA,No,No,No,Never,More than 1000,No,Yes,Yes,Yes,Don't know,Don't know,Yes,Don't know,Yes,No,No,Yes,Maybe,Maybe,Don't know,No,
2015-06-19 18:12:01,28,m,United States,OR,No,No,No,Sometimes,6-25,No,Yes,No,Yes,No,Don't know,Yes,Somewhat easy,Maybe,No,Some of them,Yes,No,Yes,Yes,No,Thanks for doing this survey. It helps end the stigma!
2015-06-20 04:11:14,34,Guy (-ish) ^_^,United States,PA,No,Yes,Yes,Often,500-1000,No,Yes,No,Not sure,Yes,Don't know,Don't know,Very difficult,No,No,No,No,No,No,Yes,No,
2015-06-20 14:10:27,31,F,United Kingdom,,No,No,No,Never,26-100,No,No,Yes,Not sure,No,Yes,No,Don't know,Yes,No,No,No,No,Maybe,No,No,
2015-06-21 00:09:40,39,Guy (-ish) ^_^,United States,NC,Yes,No,Yes,Often,26-100,No,Yes,Yes,Not sure,No,No,Don't know,Somewhat easy,No,No,Yes,Some of them,No,No,No,No,
2015-06-21 10:08:53,32,m,United States,OH,No,No,Yes,Sometimes,100-500,No,No,Don't know,No,No,Yes,No,Don't know,No,No,No,No,Maybe,No,Yes,No,
2015-06-21 20:08:06,33,Female,United States,IL,No,No,Yes,Sometimes,26-100,No,Yes,Don't know,Not sure,No,No,Don't know,Somewhat easy,Yes,Maybe,No,No,Maybe,Yes,Yes,No,
2015-06-22 06:07:19,29,non-binary,United Kingdom,,Yes,Yes,Yes,Sometimes,1-5,No,Yes,Yes,No,Yes,No,Don't know,Don't know,No,No,Some of them,Some of them,No,Maybe,No,No,
2015-06-22 16:06:32,31,M,United States,TN,No,No,Yes,Sometimes,26-100,No,Yes,Don't know,Yes,No,No,Don't know,Don't know,Maybe,No,Yes,No,No,Yes,Don't know,No,
2015-06-23 02:05:45,34,M,United States,IL,No,No,Yes,Sometimes,100-500,No,Yes,Yes,No,No,No,Don't know,Don't know,Yes,No,Yes,Yes,No,Maybe,Don't know,No,I openly discuss my mental health struggles to encourage others to seek treatment.
2015-06-23 12:04:58,20,Male-ish,United States,PA,No,No,No,nan,6-25,Yes,Yes,Yes,No,Yes,No,Yes,Very difficult,Maybe,Maybe,No,Yes,No,No,Yes,No,
2015-06-23 22:04:11,22,Trans woman,United States,IL,No,Yes,No,nan,1-5,Yes,Yes,Yes,Not sure,No,Yes,Yes,Somewhat easy,No,Maybe,No,Yes,No,No,No,Yes,
2015-06-24 08:03:24,37,Femake,United States,MN,No,Yes,No,Never,100-500,No,No,Yes,No,Don't know,Don't know,No,Somewhat easy,No,No,Some of them,No,No,Maybe,Don't know,No,
2015-06-24 18:02:37,33,cis-female/femme,United States,PA,No,Yes,No,Never,6-25,No,No,No,Yes,No,No,Don't know,Don't know,No,Maybe,No,Yes,No,No,No,No,
2015-06-25 04:01:50,30,Guy (-ish) ^_^,Canada,,Yes,No,No,Sometimes,6-25,Yes,Yes,No,Yes,Yes,Don't know,Don't know,Somewhat easy,Maybe,Maybe,No,Yes,Maybe,Yes,Don't know,No,
2015-06-25 14:01:04,32,Female ,United States,MN,No,Yes,No,nan,26-100,Yes,No,Don't know,No,No,No,Don't know,Don't know,Yes,Maybe,No,Yes,No,No,Don't know,No,
2015-06-26 00:00:17,34,Male,Australia,,No,Yes,Yes,Sometimes,500-1000,Yes,Yes,Don't know,No,No,No,No,Don't know,Maybe,Maybe,Some of them,No,No,No,Don't know,No,
2015-06-26 09:59:30,28,female ,India,,No,No,Yes,nan,26-100,No,Yes,Yes,Yes,No,Don't know,Don't know,Somewhat easy,Maybe,No,No,Yes,No,Maybe,No,No,In small startups it is hard to keep mental health issues private.
2015-06-26 19:58:43,26,Agender,United States,TN,No,Yes,No,Never,26-100,Yes,No,Don't know,No,No,Don't know,Yes,Don't know,Maybe,No,Some of them,Yes,No,Maybe,Don't know,No,
2015-06-27 05:57:56,33,Female ,United States,PA,No,No,Yes,Sometimes,6-25,No,Yes,Yes,Not sure,Don't know,Don't know,Don't know,Don't know,Maybe,No,No,No,Maybe,Maybe,Yes,No,
2015-06-27 15:57:09,25,Androgyne,United States,GA,No,Yes,No,nan,26-100,Yes,Yes,Don't know,Not sure,No,No,Don't know,Somewhat easy,Yes,No,Some of them,Some of them,No,Yes,Don't know,No,
2015-06-28 01:56:22,34,Trans-female,Canada,,No,No,No,Sometimes,More than 1000,Yes,Yes,No,No,No,Don't know,Yes,Somewhat difficult,No,No,No,Yes,No,No,Yes,No,
2015-06-28 11:55:35,20,m,United States,TN,No,No,Yes,Rarely,500-1000,No,Yes,Yes,No,No,Don't know,Don't know,Don't know,Yes,Maybe,Some of them,No,No,Yes,No,No,
2015-06-28 21:54:48,39,Androgyne,United States,NC,No,No,No,Rarely,More than 1000,Yes,Yes,No,Yes,Don't know,Yes,Don't know,Don't know,Maybe,No,Some of them,Yes,No,Maybe,Don't know,No,
2015-06-29 07:54:01,35,M,United States,MN,No,No,No,Sometimes,100-500,No,Yes,Yes,Yes,Yes,No,Don't know,Don't know,No,Yes,No,Some of them,Maybe,No,No,No,
2015-06-29 17:53:14,33,Cis Female,Germany,,No,Yes,Yes,Never,More than 1000,Yes,Yes,Yes,No,No,Don't know,Yes,Very difficult,No,No,Some of them,Yes,No,Maybe,No,No,Thanks for doing this survey. It helps end the stigma!
2015-06-30 03:52:27,38,Cis Male,Canada,,No,Yes,Yes,Rarely,6-25,No,Yes,Yes,No,No,Don't know,Don't know,Somewhat difficult,No,No,No,Some of them,Maybe,No,Don't know,Yes,
2015-06-30 13:51:40,43,Male,United States,GA,No,Yes,Yes,Often,26-100,Yes,Yes,Yes,Yes,No,Yes,Don't know,Somewhat easy,Maybe,No,Yes,Some of them,Maybe,Maybe,No,No,
2015-06-30 23:50:53,39,female,United Kingdom,,No,No,Yes,Sometimes,More than 1000,No,Yes,Yes,Not sure,No,No,Don't know,Very difficult,No,No,Yes,Some of them,Maybe,Maybe,Don't know,No,
2015-07-01 09:50:06,19,cis male,United States,NY,No,No,No,nan,500-1000,Yes,Yes,Yes,No,No,Don't know,Don't know,Don't know,Yes,Yes,Some of them,Yes,Maybe,No,Don't know,No,
2015-07-01 19:49:19,23,f,United States,NY,No,No,No,Sometimes,1-5,No,Yes,Don't know,Yes,No,No,Don't know,Very difficult,Maybe,Maybe,No,No,No,Maybe,Yes,No,
2015-07-02 05:48:32,27,Woman,Netherlands,,nan,No,Yes,Sometimes,6-25,No,Yes,Yes,Not sure,No,Don't know,Don't know,Don't know,Yes,No,Some of them,Yes,Maybe,No,Yes,No,
2015-07-02 15:47:45,32,male,United States,PA,No,Yes,Yes,Sometimes,6-25,No,Yes,Don't know,Yes,Yes,No,No,Don't know,No,Maybe,Yes,Some of them,No,No,Don't know,No,
2015-07-03 01:46:58,35,m,United States,IN,No,No,Yes,Sometimes,6-25,Yes,No,No,Yes,No,No,No,Somewhat easy,No,No,No,Some of them,No,No,Don't know,No,Working remote is empowering. I've seen negative consequences in previous workplaces.
2015-07-03 11:46:11,26,Woman,United States,NC,No,No,No,Sometimes,1-5,No,Yes,Don't know,Yes,Don't know,Don't know,Don't know,Don't know,No,No,Some of them,Some of them,No,Yes,No,No,
2015-07-03 21:45:24,33,Male-ish,Netherlands,,No,Yes,No,nan,1-5,No,Yes,Yes,Not sure,No,No,Yes,Somewhat easy,No,No,Some of them,No,No,Maybe,No,No,
2015-07-04 07:44:37,26,Trans-female,Canada,,No,No,Yes,Sometimes,100-500,No,Yes,Yes,Yes,Yes,No,Don't know,Don't know,Yes,No,Some of them,No,No,No,Don't know,No,
2015-07-04 17:43:50,27,Femake,United Kingdom,,nan,Yes,Yes,Sometimes,26-100,Yes,Yes,No,Not sure,No,No,Don't know,Somewhat easy,No,No,No,No,No,No,Yes,No,
2015-07-05 03:43:03,22,fluid,Canada,,Yes,No,Yes,Sometimes,More than 1000,No,No,Don't know,Yes,No,No,Don't know,Don't know,Maybe,Maybe,Some of them,Yes,No,No,Don't know,No,
2015-07-05 13:42:16,329,cis-female/femme,United States,GA,Yes,No,Yes,Often,More than 1000,No,Yes,Don't know,Yes,Yes,Yes,Don't know,Don't know,No,No,No,No,No,Maybe,Don't know,No,
2015-07-05 23:41:29,22,female,United States,NY,No,Yes,No,nan,26-100,No,Yes,Yes,No,No,Don't know,Don't know,Somewhat difficult,Maybe,No,Some of them,No,No,Yes,Yes,No,
2015-07-06 09:40:42,25,Femake,United States,OH,No,No,Yes,Sometimes,More than 1000,No,Yes,Don't know,No,No,Yes,Don't know,Somewhat difficult,Yes,No,Yes,Some of them,No,Maybe,Yes,Yes,I openly discuss my mental health struggles to encourage others to seek treatment.
2015-07-06 19:39:55,39,Make,United States,IN,No,Yes,Yes,Sometimes,6-25,No,Yes,Yes,Not sure,No,No,Yes,Very difficult,Maybe,Yes,Yes,No,No,Maybe,Don't know,Yes,
2015-07-07 05:39:08,25,cis male,United States,GA,Yes,No,No,Sometimes,6-25,No,Yes,No,No,Yes,Yes,Don't know,Very easy,Maybe,Maybe,Some of them,Some of them,No,Maybe,No,Yes,
2015-07-07 15:38:21,50,Genderqueer,Australia,,Yes,No,No,Sometimes,1-5,Yes,Yes,No,Yes,No,No,Yes,Very easy,No,No,No,Some of them,No,Maybe,Don't know,No,
2015-07-08 01:37:34,35,female,United States,OH,No,Yes,Yes,Sometimes,100-500,Yes,Yes,Yes,No,Yes,Don't know,Don't know,Somewhat easy,Yes,No,Yes,No,No,Maybe,Yes,No,
2015-07-08 11:36:47,33,Genderqueer,United States,NC,No,No,No,Never,26-100,No,Yes,Don't know,Not sure,No,No,Don't know,Don't know,Maybe,No,Yes,Yes,No,Maybe,Don't know,No,
2015-07-08 21:36:00,25,Enby,United States,NC,No,No,Yes,Sometimes,More than 1000,No,No,Yes,No,No,Don't know,Don't know,Don't know,Maybe,Maybe,Some of them,No,No,No,Don't know,No,
2015-07-09 07:35:13,36,fluid,United States,NY,No,Yes,Yes,Never,26-100,No,Yes,Don't know,Not sure,No,Don't know,Don't know,Don't know,Maybe,No,Some of them,No,No,Maybe,Don't know,No,
2015-07-09 17:34:26,27,Agender,Australia,,No,Yes,Yes,Sometimes,100-500,No,Yes,No,Yes,No,No,Yes,Somewhat difficult,Yes,Maybe,Some of them,Yes,No,Maybe,Yes,No,Working remote is empowering. I've seen negative consequences in previous workplaces.
2015-07-10 03:33:39,32,female,United States,NY,Yes,No,No,nan,100-500,Yes,No,Don't know,No,No,No,Yes,Don't know,Maybe,Maybe,Some of them,Yes,No,No,Don't know,No,
2015-07-10 13:32:52,49,cis male,United States,MA,No,No,No,nan,100-500,No,Yes,Yes,Yes,Don't know,Don't know,Don't know,Very difficult,Maybe,No,Some of them,Some of them,Yes,Maybe,Don't know,No,
2015-07-10 23:32:05,31,Female ,Canada,,Yes,Yes,Yes,Rarely,100-500,No,Yes,Yes,No,No,No,Yes,Somewhat easy,Maybe,No,Some of them,Yes,No,Maybe,Don't know,No,
2015-07-11 09:31:18,40,Guy (-ish) ^_^,United States,MA,No,Yes,Yes,Sometimes,6-25,No,Yes,No,No,No,No,Yes,Very easy,No,No,No,No,Maybe,Maybe,Yes,No,
2015-07-11 19:30:31,27,Female ,United States,TN,No,Yes,No,Never,26-100,Yes,Yes,Don't know,No,No,No,Don't know,Don't know,Maybe,No,Some of them,Some of them,No,Maybe,Don't know,No,
2015-07-12 05:29:44,31,cis-female/femme,United States,PA,No,No,No,Never,More than 1000,No,Yes,Don't know,No,Yes,Don't know,Don't know,Don't know,Maybe,No,No,No,No,Maybe,Yes,No,
2015-07-12 15:28:57,44,cis-female/femme,United States,TX,No,Yes,Yes,Often,26-100,No,Yes,Yes,Not sure,Don't know,Yes,Yes,Very difficult,Maybe,No,Some of them,No,Yes,No,Don't know,No,
2015-07-13 01:28:10,27,Guy (-ish) ^_^,South Africa,,No,Yes,Yes,Never,100-500,No,No,Yes,No,Yes,No,Don't know,Don't know,Maybe,No,Yes,No,No,No,Yes,No,In small startups it is hard to keep mental health issues private.
2015-07-13 11:27:23,44,Male (CIS),Canada,,No,No,No,nan,26-100,Yes,No,No,Yes,No,No,Yes,Don't know,No,No,Yes,No,No,No,No,No,
2015-07-13 21:26:36,36,female,United States,GA,No,No,No,nan,6-25,Yes,Yes,Don't know,No,Yes,Yes,Don't know,Don't know,Yes,Maybe,No,Yes,No,Yes,Yes,No,
2015-07-14 07:25:49,28,Cis Male,Canada,,No,No,Yes,Sometimes,26-100,No,Yes,Don't know,Yes,No,Don't know,Don't know,Don't know,Yes,No,Yes,Some of them,No,No,No,No,
2015-07-14 17:25:02,36,Androgyne,United States,TX,No,No,Yes,Rarely,500-1000,No,Yes,Don't know,No,No,No,Don't know,Don't know,Yes,No,Some of them,No,No,No,No,No,
2015-07-15 03:24:15,38,Male-ish,United States,NY,No,No,Yes,Sometimes,6-25,Yes,Yes,No,Yes,Yes,Yes,Don't know,Somewhat easy,No,Maybe,No,No,No,Maybe,No,No,
2015-07-15 13:23:28,36,Cis Male,United States,IL,No,Yes,Yes,Sometimes,More than 1000,No,Yes,Yes,Yes,Yes,No,Yes,Somewhat easy,Maybe,No,Some of them,No,Maybe,No,Don't know,Yes,
2015-07-15 23:22:42,21,Male,United States,NY,No,Yes,Yes,Never,26-100,No,Yes,Yes,Yes,No,No,Don't know,Somewhat easy,Yes,No,Some of them,Yes,Maybe,Maybe,No,No,
2015-07-16 09:21:55,26,Femake,United States,NC,No,No,No,Sometimes,6-25,No,Yes,Don't know,No,No,Yes,Don't know,Don't know,Maybe,Maybe,Some of them,Some of them,No,No,No,No,Thanks for doing this survey. It helps end the stigma!
2015-07-16 19:21:08,30,female ,United Kingdom,,No,Yes,No,nan,More than 1000,No,No,Don't know,Yes,No,Yes,Yes,Very easy,Maybe,No,Some of them,Some of them,No,Maybe,Don't know,No,
2015-07-17 05:20:21,31,Male-ish,Australia,,No,No,Yes,Sometimes,100-500,No,Yes,No,No,No,No,Don't know,Very easy,Yes,No,Some of them,Yes,No,No,Don't know,No,
2015-07-17 15:19:34,36,M,United States,MA,No,No,Yes,Never,More than 1000,Yes,Yes,No,No,Yes,No,Don't know,Don't know,Maybe,No,No,Some of them,No,Yes,No,No,
2015-07-18 01:18:47,33,Female,United States,TN,No,Yes,No,Rarely,1-5,No,No,Yes,Yes,No,No,Don't know,Don't know,Maybe,No,Some of them,Some of them,No,Yes,Yes,No,
2015-07-18 11:18:00,22,cis male,United States,NC,No,Yes,Yes,Often,26-100,No,Yes,Yes,Yes,Yes,No,Don't know,Don't know,No,No,Yes,No,No,Maybe,Don't know,No,
2015-07-18 21:17:13,34,Femake,United States,NY,No,No,No,Never,6-25,Yes,Yes,No,Yes,No,No,Don't know,Very easy,No,Yes,No,No,No,Maybe,No,No,
2015-07-19 07:16:26,36,Female ,United States,OR,No,No,No,nan,1-5,No,Yes,Don't know,Yes,Don't know,No,Don't know,Very easy,No,No,Some of them,Yes,Maybe,No,Don't know,No,
2015-07-19 17:15:39,35,Guy (-ish) ^_^,United States,IN,No,No,Yes,Rarely,26-100,No,Yes,Don't know,No,Yes,Yes,Don't know,Somewhat difficult,Yes,No,Some of them,No,No,No,Don't know,No,Working remote is empowering. I've seen negative consequences in previous workplaces.
2015-07-20 03:14:52,39,Man,Germany,,nan,No,No,Never,More than 1000,No,No,Don't know,No,No,Yes,Yes,Don't know,Maybe,Maybe,Yes,Yes,No,No,Yes,No,
2015-07-20 13:14:05,37,Female (trans),United States,MI,Yes,Yes,No,Sometimes,100-500,Yes,Yes,Don't know,No,No,Don't know,Don't know,Somewhat easy,Maybe,Maybe,Some of them,No,No,No,Yes,Yes,
2015-07-20 23:13:18,35,F,United States,NC,No,No,Yes,Never,26-100,Yes,Yes,Yes,Yes,Don't know,Don't know,Don't know,Don't know,Yes,No,Some of them,No,No,No,No,No,
2015-07-21 09:12:31,31,cis-female/femme,United States,IL,Yes,No,No,nan,100-500,Yes,Yes,No,Yes,No,No,Don't know,Don't know,Maybe,No,No,Some of them,No,Yes,Don't know,No,
2015-07-21 19:11:44,20,Cis Male,United States,OR,No,No,No,Rarely,6-25,Yes,Yes,No,No,Don't know,No,Yes,Somewhat easy,Maybe,No,Some of them,Some of them,No,No,No,No,
2015-07-22 05:10:57,35,f,United States,TN,No,Yes,No,nan,26-100,No,Yes,Don't know,Yes,No,No,Don't know,Don't know,No,Yes,Some of them,Yes,Maybe,No,Don't know,No,
2015-07-22 15:10:10,33,Male,United Kingdom,,No,Yes,Yes,Never,6-25,No,Yes,Don't know,Yes,No,Don't know,Yes,Very easy,Yes,No,Some of them,Some of them,No,No,Yes,No,
2015-07-23 01:09:23,33,f,United States,GA,No,No,No,Sometimes,100-500,Yes,Yes,Yes,Yes,Yes,No,Don't know,Somewhat easy,No,Maybe,Some of them,No,No,No,Don't know,Yes,In small startups it is hard to keep mental health issues private.
2015-07-23 11:08:36,23,Trans woman,United Kingdom,,No,No,No,Sometimes,6-25,No,Yes,Yes,Yes,No,Yes,Yes,Somewhat difficult,No,No,Some of them,No,Maybe,No,Don't know,No,
2015-07-23 21:07:49,24,Guy (-ish) ^_^,United States,TN,Yes,Yes,Yes,Sometimes,100-500,No,Yes,Yes,Yes,Yes,Don't know,Don't know,Don't know,No,Maybe,Some of them,Yes,No,No,No,No,
2015-07-24 07:07:02,39,male,United States,OH,No,No,No,Often,1-5,No,Yes,Yes,Yes,No,No,Yes,Somewhat difficult,No,No,Some of them,Some of them,Maybe,Yes,Don't know,Yes,
2015-07-24 17:06:15,31,Male,United States,WA,No,No,No,nan,More than 1000,No,Yes,No,No,Don't know,No,Don't know,Very difficult,No,Yes,Some of them,Some of them,No,No,No,Yes,
2015-07-25 03:05:28,36,Female,Canada,,No,No,No,Sometimes,More than 1000,Yes,No,No,No,No,Don't know,Yes,Somewhat difficult,Maybe,Maybe,Yes,Some of them,No,Maybe,Don't know,No,
2015-07-25 13:04:41,32,Cis Male,United States,OR,No,Yes,Yes,Never,More than 1000,No,No,Don't know,No,No,Yes,Don't know,Very easy,No,No,Some of them,Some of them,No,No,Don't know,No,
2015-07-25 23:03:54,32,Male,Canada,,No,Yes,No,Never,26-100,No,Yes,Don't know,Yes,No,Don't know,Don't know,Very easy,Maybe,Maybe,No,Yes,No,No,Don't know,No,
2015-07-26 09:03:07,38,non-binary,United States,OH,No,Yes,Yes,Never,More than 1000,Yes,No,Yes,Not sure,Don't know,No,Don't know,Somewhat easy,No,Maybe,Some of them,Some of them,No,Maybe,No,No,I openly discuss my mental health struggles to encourage others to seek treatment.
2015-07-26 19:02:20,28,F,Canada,,Yes,No,Yes,Sometimes,More than 1000,No,Yes,No,Yes,No,Don't know,Yes,Don't know,No,Maybe,Some of them,No,No,No,Don't know,Yes,
2015-07-27 05:01:33,32,Make,United States,MA,No,No,No,Sometimes,500-1000,No,Yes,Yes,No,Yes,No,Yes,Very easy,Maybe,No,No,Yes,No,No,Yes,No,
2015-07-27 15:00:46,28,Androgyne,United Kingdom,,No,No,No,Sometimes,1-5,No,Yes,Yes,Not sure,No,Yes,Don't know,Very easy,Yes,No,No,No,Maybe,No,Yes,No,
2015-07-28 00:59:59,28,m,United States,CA,Yes,No,Yes,Sometimes,1-5,Yes,Yes,Don't know,Not sure,Don't know,Don't know,Don't know,Very difficult,Yes,Maybe,Some of them,No,No,No,Don't know,No,
2015-07-28 10:59:12,29,Trans woman,Australia,,No,Yes,Yes,Sometimes,1-5,Yes,Yes,No,Not sure,Don't know,Don't know,Don't know,Somewhat easy,Yes,Maybe,Some of them,Yes,No,No,Yes,No,
2015-07-28 20:58:25,33,cis male,United States,IL,No,No,Yes,Sometimes,More than 1000,Yes,Yes,No,Yes,No,No,Yes,Don't know,Maybe,No,Some of them,Yes,No,Yes,Don't know,No,
2015-07-29 06:57:38,28,Androgyne,United States,IN,No,No,No,Rarely,More than 1000,Yes,No,Yes,Not sure,No,Don't know,Yes,Very easy,Maybe,Maybe,Yes,Yes,No,Maybe,No,No,
2015-07-29 16:56:51,40,Female ,United States,CA,Yes,Yes,Yes,Sometimes,1-5,No,No,No,No,No,No,Yes,Very difficult,Maybe,No,Some of them,Yes,No,Maybe,Don't know,No,Thanks for doing this survey. It helps end the stigma!
2015-07-30 02:56:04,25,Enby,Canada,,No,Yes,Yes,nan,26-100,Yes,Yes,Yes,No,No,No,Don't know,Don't know,Maybe,Maybe,Some of them,Yes,No,Maybe,Don't know,No,
2015-07-30 12:55:17,30,Female (trans),United States,PA,No,No,Yes,Sometimes,500-1000,Yes,Yes,Yes,No,No,No,No,Don't know,No,No,No,Yes,Maybe,No,Don't know,No,
2015-07-30 22:54:30,28,Make,Canada,,No,No,Yes,Sometimes,26-100,No,Yes,No,Yes,Don't know,Yes,Yes,Somewhat easy,Maybe,No,Yes,Yes,No,Maybe,Yes,No,
2015-07-31 08:53:43,42,Trans woman,United States,MN,No,Yes,Yes,Sometimes,More than 1000,No,Yes,No,No,No,Don't know,Don't know,Don't know,No,No,No,Some of them,No,Maybe,Yes,No,
2015-07-31 18:52:56,33,Female,United States,MI,nan,No,No,Sometimes,100-500,Yes,Yes,Don't know,Yes,Don't know,No,Don't know,Don't know,Maybe,No,Some of them,Some of them,No,No,No,No,
2015-08-01 04:52:09,39,Guy (-ish) ^_^,United States,MA,No,No,No,nan,500-1000,Yes,Yes,Don't know,Yes,Yes,Yes,Don't know,Don't know,Maybe,No,No,Yes,No,Maybe,No,No,
2015-08-01 14:51:22,21,Male-ish,India,,No,Yes,Yes,Sometimes,26-100,Yes,Yes,No,No,No,No,Don't know,Somewhat difficult,No,No,No,Some of them,No,No,Don't know,No,
2015-08-02 00:50:35,33,Cis Female,United Kingdom,,No,Yes,No,nan,100-500,Yes,Yes,No,Not sure,No,No,Don't know,Don't know,No,No,No,No,Maybe,No,Don't know,No,Thanks for doing this survey. It helps end the stigma!
2015-08-02 10:49:48,38,Cis Male,Ireland,,No,Yes,Yes,nan,More than 1000,No,Yes,No,No,No,No,Don't know,Don't know,No,No,Yes,No,No,No,No,No,
2015-08-02 20:49:01,32,Woman,United States,MA,No,No,No,Never,26-100,No,Yes,Don't know,No,Yes,Don't know,Don't know,Very easy,Yes,Maybe,Yes,No,No,Maybe,No,No,
2015-08-03 06:48:14,39,Cis Female,United Kingdom,,No,Yes,No,Rarely,100-500,No,Yes,No,Not sure,No,Don't know,Don't know,Very difficult,No,No,Some of them,No,No,No,Don't know,No,
2015-08-03 16:47:27,28,non-binary,United Kingdom,,No,Yes,No,Rarely,More than 1000,No,Yes,No,No,No,No,Don't know,Very difficult,No,No,Some of them,Yes,Maybe,No,Don't know,No,
2015-08-04 02:46:40,41,Enby,United States,CA,No,No,Yes,Never,More than 1000,Yes,No,Yes,Yes,Yes,Don't know,Don't know,Don't know,Yes,No,No,Yes,No,Yes,No,No,
2015-08-04 12:45:53,48,female,Germany,,No,No,No,Rarely,26-100,No,Yes,No,Not sure,No,No,Yes,Very difficult,Maybe,Maybe,Some of them,No,No,Yes,Don't know,No,
2015-08-04 22:45:07,29,cis male,Ireland,,No,Yes,No,Sometimes,More than 1000,No,No,Don't know,Not sure,Don't know,Don't know,Don't know,Don't know,No,No,Some of them,No,No,Maybe,Yes,Yes,
2015-08-05 08:44:20,28,Make,Netherlands,,No,No,No,Sometimes,More than 1000,No,No,Don't know,Not sure,No,No,Don't know,Very easy,No,No,Some of them,Some of them,No,Maybe,No,No,In small startups it is hard to keep mental health issues private.
2015-08-05 18:43:33,42,Man,United Kingdom,,No,No,No,Never,26-100,No,Yes,Don't know,No,No,Don't know,Don't know,Somewhat easy,No,Maybe,No,Yes,No,Maybe,No,No,
2015-08-06 04:42:46,43,male,United States,OR,No,No,Yes,Rarely,6-25,No,Yes,Yes,Yes,Don't know,Don't know,Yes,Don't know,No,Yes,Some of them,No,No,Maybe,Don't know,No,
2015-08-06 14:41:59,28,Male-ish,United States,WA,nan,No,No,nan,500-1000,No,No,Don't know,No,No,Don't know,Yes,Somewhat easy,No,No,No,No,Maybe,No,Don't know,No,
2015-08-07 00:41:12,29,Make,India,,No,Yes,Yes,Sometimes,More than 1000,No,No,No,No,Don't know,No,Don't know,Don't know,Maybe,Yes,Some of them,Some of them,No,No,Don't know,No,
2015-08-07 10:40:25,30,Trans woman,United States,IN,No,No,No,nan,100-500,No,Yes,Yes,No,No,Don't know,Yes,Somewhat difficult,Yes,No,Some of them,Yes,No,Maybe,No,No,
2015-08-07 20:39:38,22,Woman,United Kingdom,,No,No,No,Sometimes,26-100,Yes,Yes,Don't know,No,Yes,No,Don't know,Don't know,Maybe,No,Some of them,Some of them,No,No,No,No,
2015-08-08 06:38:51,25,Male-ish,United Kingdom,,No,No,No,Never,26-100,No,Yes,No,Not sure,No,Yes,No,Somewhat easy,Maybe,No,Some of them,Some of them,No,Yes,No,No,
2015-08-08 16:38:04,24,Woman,United Kingdom,,No,No,No,Sometimes,26-100,No,Yes,Don't know,No,No,No,Don't know,Don't know,No,No,Yes,No,No,No,Yes,No,Thanks for doing this survey. It helps end the stigma!
2015-08-09 02:37:17,26,Cis Male,Switzerland,,No,No,No,Never,26-100,No,Yes,Yes,Yes,No,No,Don't know,Don't know,No,No,Yes,No,No,Maybe,Don't know,No,
2015-08-09 12:36:30,31,female,United States,OR,No,Yes,Yes,Sometimes,More than 1000,No,No,Don't know,Yes,No,Don't know,Don't know,Very difficult,Yes,No,No,Yes,Maybe,No,Yes,Yes,
2015-08-09 22:35:43,33,female ,United States,CA,No,No,No,Never,More than 1000,No,Yes,Don't know,Yes,No,Don't know,Don't know,Very easy,No,No,Some of them,Some of them,No,No,Don't know,No,
2015-08-10 08:34:56,42,f,United States,IN,No,No,No,nan,More than 1000,Yes,Yes,Don't know,Not sure,No,No,Don't know,Very difficult,Yes,No,Some of them,Yes,No,Yes,Yes,No,
2015-08-10 18:34:09,25,Female,United States,PA,No,No,Yes,Never,6-25,Yes,Yes,No,No,No,Yes,Yes,Don't know,Maybe,No,Some of them,No,Maybe,Maybe,Yes,No,
2015-08-11 04:33:22,38,Female (trans),United States,MI,No,Yes,Yes,Never,More than 1000,No,Yes,Don't know,Yes,No,Yes,Yes,Don't know,Yes,No,Some of them,Yes,No,Maybe,Yes,No,
2015-08-11 14:32:35,30,Androgyne,United States,MI,No,No,No,nan,6-25,No,Yes,No,Yes,No,Don't know,Don't know,Somewhat easy,No,No,Some of them,No,No,No,No,No,
2015-08-12 00:31:48,31,female ,Germany,,No,No,Yes,Often,6-25,Yes,No,Don't know,No,No,No,Don't know,Somewhat easy,No,Yes,No,No,No,No,Don't know,No,I openly discuss my mental health struggles to encourage others to seek treatment.
2015-08-12 10:31:01,36,Woman,Ireland,,No,Yes,No,Never,1-5,Yes,Yes,Yes,Yes,No,Don't know,Don't know,Don't know,Maybe,No,Some of them,Some of them,No,No,Yes,No,
2015-08-12 20:30:14,24,female ,United States,OR,No,No,No,Sometimes,More than 1000,No,Yes,Don't know,Not sure,Yes,No,Don't know,Very easy,Yes,No,Some of them,No,Maybe,Maybe,Don't know,No,
2015-08-13 06:29:27,34,Man,United States,TX,No,No,No,nan,More than 1000,No,Yes,No,No,No,No,Don't know,Don't know,No,No,Yes,Some of them,No,No,Yes,No,
2015-08-13 16:28:40,33,Female,Australia,,No,No,No,Rarely,26-100,No,Yes,Don't know,No,No,Yes,Don't know,Don't know,Yes,No,Some of them,No,No,Maybe,Yes,No,
2015-08-14 02:27:53,35,male,United States,OR,Yes,No,No,Sometimes,1-5,No,Yes,Yes,No,No,Yes,Yes,Don't know,No,No,Yes,Yes,Maybe,Maybe,Don't know,No,
2015-08-14 12:27:06,34,F,United States,TN,No,No,Yes,Sometimes,More than 1000,No,Yes,Yes,Not sure,Yes,Yes,Don't know,Somewhat easy,No,No,Yes,Yes,No,No,Don't know,No,
2015-08-14 22:26:19,49,Cis Female,United States,MN,No,Yes,Yes,nan,100-500,No,Yes,Yes,Yes,No,No,Don't know,Very easy,Maybe,Maybe,Some of them,No,No,Maybe,Don't know,No,
2015-08-15 08:25:32,27,maile,United States,OH,No,No,No,Sometimes,26-100,No,Yes,Yes,Yes,Don't know,No,Don't know,Somewhat easy,Maybe,No,Some of them,Yes,No,Maybe,Don't know,No,I openly discuss my mental health struggles to encourage others to seek treatment.
2015-08-15 18:24:45,28,Trans woman,United States,GA,No,No,No,nan,500-1000,No,Yes,Don't know,Yes,No,No,Don't know,Somewhat easy,Yes,No,No,No,No,No,Yes,Yes,
2015-08-16 04:23:58,27,Agender,India,,No,No,No,Sometimes,1-5,Yes,Yes,Yes,Not sure,No,No,Don't know,Don't know,Maybe,No,Some of them,Yes,No,No,Don't know,No,
2015-08-16 14:23:11,28,Trans-female,United States,IL,No,No,Yes,nan,1-5,Yes,No,No,Not sure,Don't know,No,Yes,Somewhat difficult,No,Maybe,Some of them,No,No,Maybe,Yes,No,
2015-08-17 00:22:24,27,Cis Female,United States,MN,No,No,Yes,Never,6-25,No,Yes,Yes,Not sure,No,No,Don't know,Very difficult,Maybe,Maybe,No,Some of them,No,No,Don't know,No,
2015-08-17 10:21:37,40,fluid,United States,OR,No,Yes,No,Never,26-100,Yes,Yes,Yes,Not sure,No,Don't know,Don't know,Very easy,No,No,Some of them,No,No,Maybe,Yes,No,
2015-08-17 20:20:50,41,Cis Male,United States,WA,No,No,No,nan,26-100,No,Yes,Don't know,Yes,Yes,Don't know,Yes,Don't know,Maybe,No,Some of them,Yes,No,Maybe,Yes,No,
2015-08-18 06:20:03,28,Genderqueer,United Kingdom,,No,Yes,No,Never,26-100,Yes,Yes,Yes,Yes,No,Don't know,Don't know,Somewhat easy,Maybe,Yes,No,Yes,No,No,Don't know,No,
2015-08-18 16:19:16,26,m,Canada,,No,Yes,No,Never,1-5,No,Yes,No,Not sure,Yes,Yes,Yes,Somewhat easy,No,No,No,Yes,No,Maybe,Yes,No,Thanks for doing this survey. It helps end the stigma!
2015-08-19 02:18:29,35,Genderqueer,Canada,,No,Yes,Yes,Sometimes,6-25,No,Yes,Yes,Not sure,No,No,Don't know,Very difficult,Maybe,No,Some of them,Yes,No,Yes,No,No,
2015-08-19 12:17:42,28,Make,United States,MI,Yes,No,Yes,Sometimes,6-25,No,Yes,Don't know,No,Don't know,No,Don't know,Very difficult,Maybe,No,Some of them,No,No,Maybe,Don't know,No,
2015-08-19 22:16:55,36,Androgyne,Australia,,No,Yes,Yes,Sometimes,26-100,No,Yes,No,No,Yes,Don't know,Yes,Somewhat difficult,Maybe,No,Some of them,No,No,No,Yes,No,
2015-08-20 08:16:08,33,Trans woman,Canada,,No,Yes,No,Often,6-25,Yes,No,Don't know,Not sure,No,Don't know,Yes,Don't know,Maybe,Yes,Some of them,Yes,No,No,Don't know,No,
2015-08-20 18:15:21,21,Cis Male,Canada,,No,Yes,Yes,Sometimes,26-100,No,Yes,Yes,No,Don't know,Don't know,Don't know,Very difficult,No,Yes,No,Yes,No,Yes,Don't know,No,
2015-08-21 04:14:34,42,F,United States,NC,No,Yes,Yes,Sometimes,100-500,No,Yes,Don't know,Not sure,No,No,Don't know,Somewhat easy,No,Maybe,No,No,No,Maybe,Yes,No,
2015-08-21 14:13:47,44,Female (trans),United States,MN,No,No,No,Never,More than 1000,No,Yes,No,No,No,No,Yes,Very easy,No,No,No,Yes,No,Yes,Don't know,No,
2015-08-22 00:13:00,27,F,United States,MI,No,No,Yes,Rarely,6-25,No,No,No,No,No,Don't know,Don't know,Don't know,No,No,Some of them,No,No,Yes,No,Yes,Working remote is empowering. I've seen negative consequences in previous workplaces.
2015-08-22 10:12:13,29,fluid,United Kingdom,,No,Yes,No,Often,26-100,No,No,No,No,No,Yes,Don't know,Don't know,Maybe,No,Some of them,Yes,Maybe,Maybe,Don't know,No,
2015-08-22 20:11:26,34,Female ,United States,IN,No,No,Yes,Sometimes,26-100,No,Yes,Yes,No,Don't know,Yes,Yes,Somewhat easy,Yes,Yes,Some of them,No,No,No,Don't know,No,
2015-08-23 06:10:39,34,Guy (-ish) ^_^,United States,WA,No,No,Yes,Sometimes,6-25,Yes,Yes,No,No,No,No,Don't know,Don't know,Maybe,No,Some of them,Some of them,No,Maybe,Yes,No,
2015-08-23 16:09:52,36,Make,Netherlands,,No,No,Yes,nan,More than 1000,Yes,Yes,Yes,Yes,Yes,Don't know,Yes,Don't know,Maybe,No,Some of them,Yes,No,No,Yes,No,
2015-08-24 02:09:05,46,Man,Netherlands,,No,Yes,Yes,Sometimes,100-500,Yes,Yes,Yes,Yes,No,Yes,Yes,Somewhat difficult,Maybe,No,Some of them,No,No,No,Yes,Yes,
2015-08-24 12:08:18,30,non-binary,Australia,,No,No,No,nan,100-500,No,Yes,No,Not sure,No,Don't know,Yes,Don't know,No,No,Some of them,No,Maybe,Maybe,Don't know,No,
2015-08-24 22:07:32,26,Guy (-ish) ^_^,United States,MN,No,Yes,No,nan,100-500,Yes,Yes,Yes,Yes,No,Don't know,Yes,Don't know,Yes,Yes,No,Yes,Maybe,No,No,No,
2015-08-25 08:06:45,22,f,United Kingdom,,No,Yes,Yes,Often,6-25,No,Yes,Yes,Yes,No,Yes,Don't know,Don't know,Yes,No,No,Some of them,No,Maybe,No,No,Working remote is empowering. I've seen negative consequences in previous workplaces.
2015-08-25 18:05:58,26,f,United States,IN,No,Yes,Yes,Sometimes,500-1000,No,No,Yes,Yes,Don't know,Don't know,Don't know,Don't know,Maybe,No,Some of them,No,No,No,Yes,No,
2015-08-26 04:05:11,31,Woman,United States,GA,No,No,No,nan,100-500,No,No,Don't know,Yes,Don't know,Yes,Don't know,Very difficult,No,No,Some of them,No,No,Maybe,No,No,
2015-08-26 14:04:24,44,fluid,United States,OR,Yes,Yes,Yes,Often,1-5,Yes,Yes,No,Yes,Don't know,No,Yes,Don't know,Yes,No,Yes,No,No,No,Yes,No,
2015-08-27 00:03:37,28,Female (trans),United States,IN,Yes,Yes,Yes,Rarely,6-25,Yes,Yes,Don't know,No,Yes,Don't know,Yes,Don't know,No,Maybe,Yes,Some of them,No,Maybe,Don't know,No,
2015-08-27 10:02:50,33,Female,United States,NY,No,Yes,No,Sometimes,1-5,Yes,No,Yes,No,No,Yes,Don't know,Somewhat difficult,Maybe,Yes,Some of them,Some of them,No,Maybe,Don't know,No,
2015-08-27 20:02:03,31,Enby,Germany,,No,No,Yes,Sometimes,100-500,Yes,Yes,Don't know,No,No,No,Don't know,Somewhat difficult,Yes,Maybe,No,No,No,No,Don't know,No,
2015-08-28 06:01:16,40,non-binary,United States,MA,No,No,Yes,Sometimes,1-5,Yes,Yes,No,No,Don't know,Don't know,Yes,Don't know,No,No,Yes,Some of them,No,Maybe,No,Yes,
2015-08-28 16:00:29,49,Woman,United Kingdom,,No,Yes,Yes,Never,6-25,Yes,Yes,No,Yes,No,No,Don't know,Very easy,Yes,No,Some of them,Yes,No,No,Don't know,No,I openly discuss my mental health struggles to encourage others to seek treatment.
2015-08-29 01:59:42,28,Trans woman,United States,MN,No,No,Yes,Rarely,100-500,No,Yes,Yes,No,No,Yes,Don't know,Somewhat easy,Yes,No,Some of them,No,No,Yes,Yes,No,
2015-08-29 11:58:55,28,Man,United States,GA,No,No,Yes,Sometimes,500-1000,No,Yes,No,Not sure,No,Don't know,Yes,Very easy,Yes,No,Some of them,Yes,No,Maybe,Don't know,Yes,
2015-08-29 21:58:08,39,m,United States,OR,No,No,No,Never,More than 1000,No,Yes,No,Not sure,No,No,No,Somewhat easy,Maybe,No,Some of them,Yes,No,No,Yes,No,
2015-08-30 07:57:21,36,fluid,United States,MA,No,Yes,No,Sometimes,More than 1000,No,Yes,Yes,Not sure,No,No,Yes,Very difficult,No,No,Some of them,No,No,Maybe,Don't know,No,
2015-08-30 17:56:34,44,female,United States,TX,No,No,No,Rarely,1-5,No,Yes,Yes,Not sure,Don't know,Don't know,Yes,Don't know,Maybe,No,Yes,Some of them,No,Maybe,No,No,
2015-08-31 03:55:47,36,fluid,United States,IN,No,Yes,Yes,nan,26-100,No,Yes,Yes,No,No,Don't know,Don't know,Don't know,Maybe,No,No,No,No,Maybe,Don't know,No,
2015-08-31 13:55:00,29,Androgyne,United States,CA,No,No,Yes,Sometimes,More than 1000,No,Yes,No,Yes,No,No,Yes,Don't know,No,No,Some of them,No,No,Yes,No,No,
2015-08-31 23:54:13,36,male,United States,TX,nan,Yes,Yes,Never,More than 1000,Yes,No,Yes,No,No,Yes,Don't know,Don't know,Maybe,Maybe,Some of them,No,No,Maybe,No,No,Working remote is empowering. I've seen negative consequences in previous workplaces.
2015-09-01 09:53:26,39,Androgyne,United States,MI,No,Yes,Yes,Sometimes,1-5,Yes,Yes,Don't know,Not sure,Yes,Don't know,Yes,Very difficult,Maybe,Maybe,No,No,No,Yes,Yes,No,
2015-09-01 19:52:39,37,female,Australia,,No,Yes,No,Rarely,6-25,No,Yes,Yes,Not sure,Yes,No,Don't know,Somewhat easy,No,No,Some of them,Yes,No,Yes,Don't know,No,
2015-09-02 05:51:52,35,f,United States,OR,No,No,Yes,Often,More than 1000,No,Yes,No,Not sure,Don't know,No,Don't know,Don't know,No,No,Some of them,Yes,No,Maybe,Don't know,No,
2015-09-02 15:51:05,39,female ,United Kingdom,,No,Yes,Yes,nan,100-500,No,Yes,Yes,Yes,No,Yes,Don't know,Don't know,No,Maybe,Yes,Yes,No,No,No,No,
2015-09-03 01:50:18,40,Agender,United Kingdom,,Yes,No,No,Sometimes,100-500,No,Yes,No,Not sure,Yes,No,Don't know,Don't know,Maybe,No,Some of them,No,No,No,Don't know,No,
2015-09-03 11:49:31,41,Male,Ireland,,No,Yes,Yes,nan,More than 1000,Yes,Yes,No,No,No,Don't know,Yes,Very difficult,Maybe,No,Some of them,Yes,No,Maybe,Don't know,No,
2015-09-03 21:48:44,36,F,Canada,,Yes,No,Yes,Sometimes,1-5,No,Yes,Yes,No,Yes,Yes,No,Somewhat easy,No,No,Some of them,Yes,No,Maybe,Yes,No,
2015-09-04 07:47:57,30,cis-female/femme,United States,WA,No,No,No,Rarely,1-5,No,Yes,Don't know,Not sure,Don't know,No,Yes,Somewhat easy,Yes,No,Some of them,No,No,Maybe,Don't know,Yes,In small startups it is hard to keep mental health issues private.
2015-09-04 17:47:10,33,Trans-female,United Kingdom,,No,No,Yes,Sometimes,6-25,Yes,Yes,Yes,Yes,No,Don't know,Yes,Very easy,No,No,Some of them,No,Yes,No,Don't know,No,
2015-09-05 03:46:23,40,cis-female/femme,Netherlands,,No,No,No,nan,26-100,Yes,Yes,No,Not sure,No,No,Don't know,Very easy,Maybe,Maybe,Some of them,No,No,No,Yes,No,
2015-09-05 13:45:36,26,Cis Male,United States,NY,No,No,No,Never,6-25,No,Yes,Don't know,No,No,Don't know,Yes,Somewhat easy,Yes,No,No,Yes,Maybe,Maybe,Don't know,No,
2015-09-05 23:44:49,34,cis male,United States,PA,Yes,Yes,No,Rarely,26-100,Yes,Yes,Yes,Not sure,No,Don't know,Yes,Don't know,Yes,No,Some of them,No,No,Maybe,Don't know,No,
2015-09-06 09:44:02,29,Guy (-ish) ^_^,United States,MA,No,No,Yes,nan,More than 1000,No,Yes,Yes,Yes,Don't know,Yes,Yes,Somewhat difficult,No,No,Some of them,Some of them,No,Yes,Yes,No,
2015-09-06 19:43:15,32,Genderqueer,Canada,,No,Yes,No,Sometimes,1-5,No,Yes,Don't know,Not sure,Yes,Yes,Don't know,Very easy,Yes,No,Some of them,Some of them,No,Maybe,Don't know,No,
2015-09-07 05:42:28,40,Make,Canada,,No,No,No,Sometimes,1-5,No,Yes,No,Not sure,Don't know,Don't know,Don't know,Very easy,Yes,No,Some of them,No,Maybe,No,No,No,
2015-09-07 15:41:41,33,Man,United States,OH,No,No,Yes,nan,6-25,No,Yes,Don't know,Not sure,No,Don't know,Yes,Very difficult,Maybe,No,Yes,Yes,No,Maybe,Don't know,Yes,Our health plan has covered my psychotherapy and antidepressant medication. Manager has been discreet throughout.
2015-09-08 01:40:54,32,Trans woman,United States,MA,No,Yes,Yes,Sometimes,6-25,No,Yes,No,No,No,Don't know,Don't know,Very easy,Maybe,No,Some of them,No,No,No,Yes,No,
2015-09-08 11:40:07,22,Male,United States,TN,Yes,Yes,Yes,Sometimes,More than 1000,No,Yes,Yes,Not sure,No,No,Yes,Somewhat difficult,No,No,No,Yes,No,Yes,Don't know,No,
2015-09-08 21:39:20,37,Female (trans),United States,MI,No,No,No,Never,More than 1000,No,Yes,Yes,No,No,Don't know,No,Very difficult,Maybe,No,Some of them,Yes,No,Maybe,Don't know,No,
2015-09-09 07:38:33,36,Femake,Sweden,,No,No,Yes,Rarely,26-100,Yes,Yes,No,No,No,Yes,Don't know,Don't know,Maybe,No,Some of them,Yes,Maybe,Maybe,Don't know,No,
2015-09-09 17:37:46,47,Enby,United States,NC,No,No,No,Sometimes,1-5,No,Yes,Yes,Yes,No,No,Yes,Somewhat easy,Yes,No,No,Some of them,No,No,Don't know,No,
2015-09-10 03:36:59,29,cis male,United States,NC,No,No,Yes,Sometimes,1-5,No,No,No,Not sure,No,No,Yes,Somewhat easy,Maybe,No,Some of them,No,No,Maybe,No,No,
2015-09-10 13:36:12,33,Male,United States,IL,No,No,No,Sometimes,26-100,Yes,Yes,Yes,Yes,Yes,No,Yes,Don't know,Maybe,No,No,No,No,Maybe,Don't know,Yes,
2015-09-10 23:35:25,33,Trans-female,United Kingdom,,No,No,Yes,Never,1-5,No,Yes,Yes,Not sure,No,No,Don't know,Somewhat difficult,No,No,Some of them,No,Maybe,No,Yes,No,Thanks for doing this survey. It helps end the stigma!
2015-09-11 09:34:38,43,Enby,United States,OR,No,Yes,No,nan,26-100,Yes,Yes,Don't know,Yes,Yes,No,Yes,Very easy,No,Yes,Some of them,Yes,No,Maybe,No,No,
2015-09-11 19:33:51,31,Trans-female,United Kingdom,,No,Yes,No,nan,100-500,No,Yes,No,No,No,No,Don't know,Very easy,No,Maybe,No,No,No,Maybe,Yes,No,
2015-09-12 05:33:04,33,Cis Male,United States,TX,No,No,No,Rarely,More than 1000,No,Yes,No,Not sure,No,No,Don't know,Very difficult,No,No,Some of them,No,Maybe,No,Don't know,No,
2015-09-12 15:32:17,36,non-binary,United States,OH,No,No,No,Sometimes,6-25,No,Yes,Yes,No,Don't know,Don't know,Yes,Don't know,Maybe,Maybe,No,No,No,No,Don't know,No,
2015-09-13 01:31:30,33,non-binary,United States,WA,No,No,No,nan,1-5,No,Yes,Yes,Not sure,Don't know,No,Yes,Very easy,Yes,No,No,Some of them,No,Maybe,No,No,
2015-09-13 11:30:43,28,Femake,United States,GA,No,No,No,Never,26-100,No,No,Don't know,No,No,Don't know,Yes,Somewhat easy,Maybe,No,Yes,Yes,No,No,Yes,No,
2015-09-13 21:29:56,33,non-binary,United States,WA,No,Yes,Yes,Sometimes,100-500,No,Yes,Don't know,Yes,No,Yes,Don't know,Don't know,Maybe,No,Some of them,Some of them,No,No,Yes,No,
2015-09-14 07:29:10,39,fluid,Ireland,,No,No,No,nan,26-100,No,Yes,No,Yes,No,Yes,Don't know,Don't know,Maybe,No,Some of them,No,No,No,Don't know,Yes,In small startups it is hard to keep mental health issues private.
2015-09-14 17:28:23,24,female ,Canada,,No,Yes,No,Often,6-25,No,Yes,Yes,No,No,Don't know,Yes,Somewhat difficult,No,No,Some of them,No,No,Maybe,No,No,
2015-09-15 03:27:36,32,M,Sweden,,No,Yes,Yes,Often,6-25,No,Yes,No,No,Yes,No,Don't know,Somewhat easy,No,No,Some of them,No,No,Maybe,Yes,No,
2015-09-15 13:26:49,27,f,United States,WA,No,No,No,Often,More than 1000,No,Yes,Don't know,No,No,Yes,Yes,Somewhat difficult,No,Maybe,Some of them,Some of them,No,No,Don't know,Yes,
2015-09-15 23:26:02,40,M,India,,Yes,Yes,Yes,Sometimes,100-500,No,No,No,No,No,Don't know,Yes,Somewhat easy,Maybe,No,Yes,Yes,Maybe,No,Yes,Yes,
2015-09-16 09:25:15,21,Female,United States,PA,No,No,Yes,Sometimes,26-100,No,No,Don't know,No,Yes,No,Yes,Don't know,No,No,Some of them,No,No,No,Don't know,No,
2015-09-16 19:24:28,28,Female,United States,TN,No,No,Yes,Often,100-500,No,Yes,Don't know,Yes,No,No,Don't know,Don't know,No,No,No,No,No,Maybe,Don't know,No,
2015-09-17 05:23:41,34,M,United States,NC,No,No,No,Sometimes,100-500,No,Yes,No,Not sure,No,No,Yes,Don't know,Maybe,No,Some of them,Yes,No,No,No,No,
2015-09-17 15:22:54,42,Male-ish,United States,WA,No,Yes,No,Never,100-500,Yes,Yes,Don't know,Yes,No,No,Yes,Very difficult,Yes,Yes,Some of them,Yes,No,No,Don't know,No,I openly discuss my mental health struggles to encourage others to seek treatment.
2015-09-18 01:22:07,31,m,United Kingdom,,No,Yes,Yes,Often,More than 1000,No,Yes,No,Not sure,No,No,Don't know,Don't know,Maybe,Maybe,Yes,Some of them,No,Maybe,Yes,No,
2015-09-18 11:21:20,28,Enby,United States,GA,No,Yes,Yes,Often,1-5,Yes,Yes,No,Yes,No,Yes,Don't know,Very difficult,Yes,Yes,Some of them,Yes,No,Maybe,Don't know,Yes,
2015-09-18 21:20:33,45,Trans woman,United States,GA,No,No,No,Never,More than 1000,No,Yes,Don't know,Yes,No,Don't know,Don't know,Very difficult,Maybe,No,Some of them,Yes,No,No,Don't know,No,
2015-09-19 07:19:46,21,M,United Kingdom,,No,No,Yes,nan,26-100,No,Yes,Don't know,Yes,No,Don't know,Don't know,Very difficult,Maybe,No,Some of them,Some of them,No,No,Yes,No,
2015-09-19 17:18:59,18,Trans woman,United States,IN,No,No,Yes,nan,6-25,No,Yes,Yes,Yes,Don't know,Yes,Yes,Somewhat easy,Maybe,No,No,No,No,Maybe,No,No,
2015-09-20 03:18:12,35,Cis Female,United States,GA,Yes,Yes,Yes,Rarely,26-100,Yes,Yes,Yes,Yes,Don't know,Don't know,Yes,Very difficult,Yes,No,Some of them,Yes,No,No,Don't know,No,
2015-09-20 13:17:25,28,cis male,United States,NC,No,No,No,Sometimes,6-25,No,Yes,Yes,No,Don't know,Yes,No,Don't know,No,No,Some of them,No,No,No,Don't know,No,
2015-09-20 23:16:38,24,M,Canada,,Yes,Yes,Yes,Sometimes,More than 1000,No,Yes,Yes,Not sure,No,Yes,Don't know,Don't know,No,Maybe,No,No,No,No,Yes,No,Our health plan has covered my psychotherapy and antidepressant medication. Manager has been discreet throughout.
2015-09-21 09:15:51,36,f,Canada,,No,Yes,No,Sometimes,26-100,No,Yes,Yes,Not sure,No,No,Yes,Don't know,No,No,Some of them,Some of them,No,No,Don't know,No,
2015-09-21 19:15:04,33,Genderqueer,United States,WA,No,No,No,Sometimes,26-100,No,Yes,Yes,No,No,Yes,Don't know,Very difficult,Maybe,No,No,Some of them,Maybe,No,Don't know,No,
2015-09-22 05:14:17,28,cis-female/femme,United States,GA,No,No,Yes,Sometimes,100-500,No,Yes,Yes,Not sure,Don't know,Don't know,Yes,Don't know,Yes,Maybe,Some of them,Some of them,No,Maybe,Don't know,No,
2015-09-22 15:13:30,23,male,United States,OR,No,Yes,No,Sometimes,26-100,No,Yes,Don't know,No,No,No,Don't know,Somewhat easy,No,Maybe,Some of them,Yes,No,Maybe,Don't know,No,
2015-09-23 01:12:43,38,M,Canada,,No,Yes,Yes,Never,26-100,No,No,Yes,No,No,Don't know,Yes,Don't know,No,No,No,No,No,No,Don't know,No,
2015-09-23 11:11:56,36,Female,United States,TN,No,No,No,nan,6-25,No,Yes,Yes,No,No,Don't know,Yes,Don't know,Yes,No,Yes,Yes,No,Maybe,Don't know,No,
2015-09-23 21:11:09,31,cis male,United States,MN,No,Yes,Yes,Sometimes,100-500,No,Yes,Don't know,Not sure,No,Yes,Yes,Don't know,Maybe,No,No,Yes,No,No,Don't know,Yes,
2015-09-24 07:10:22,44,maile,United States,NY,No,Yes,Yes,Often,6-25,Yes,Yes,Don't know,Not sure,No,No,Yes,Somewhat difficult,Maybe,No,No,No,No,No,No,Yes,I openly discuss my mental health struggles to encourage others to seek treatment.
2015-09-24 17:09:35,24,Make,United States,NY,No,No,Yes,Often,26-100,Yes,No,Don't know,Not sure,Don't know,Don't know,Yes,Somewhat easy,Yes,No,Some of them,Yes,No,Maybe,Don't know,No,
2015-09-25 03:08:48,21,Genderqueer,United States,TN,No,No,No,Sometimes,More than 1000,No,Yes,Don't know,No,Yes,No,Don't know,Somewhat difficult,Maybe,No,Some of them,No,No,No,No,No,
2015-09-25 13:08:01,27,Agender,Germany,,nan,No,Yes,nan,100-500,No,Yes,No,Yes,Yes,No,Yes,Very easy,Maybe,No,Some of them,Some of them,No,No,Yes,No,
2015-09-25 23:07:14,31,Female,United States,IL,No,No,No,Rarely,More than 1000,Yes,Yes,Don't know,Yes,Yes,No,Don't know,Very difficult,No,No,Yes,Yes,No,Maybe,Don't know,Yes,
2015-09-26 09:06:27,33,Agender,United States,PA,No,No,No,Sometimes,100-500,No,Yes,Don't know,No,Yes,Don't know,Don't know,Somewhat easy,No,Maybe,Yes,Yes,No,No,No,No,
2015-09-26 19:05:40,30,cis male,Canada,,No,Yes,Yes,Often,6-25,No,Yes,No,Yes,No,Yes,Don't know,Somewhat easy,Maybe,Maybe,Yes,No,No,Yes,Don't know,No,
2015-09-27 05:04:53,34,F,Canada,,No,No,No,Sometimes,26-100,Yes,Yes,No,No,No,No,Yes,Somewhat easy,Maybe,No,Some of them,Some of them,No,Maybe,Don't know,No,
2015-09-27 15:04:06,23,maile,United States,MI,No,No,No,Often,26-100,No,No,Don't know,No,Don't know,Don't know,Don't know,Somewhat easy,Yes,No,Some of them,No,No,No,Don't know,No,Our health plan has covered my psychotherapy and antidepressant medication. Manager has been discreet throughout.
2015-09-28 01:03:19,42,female ,United States,MI,No,Yes,Yes,Sometimes,6-25,No,No,Don't know,Yes,No,No,Don't know,Somewhat difficult,Yes,No,No,No,Yes,Maybe,Yes,No,
2015-09-28 11:02:32,31,Female (trans),United States,OH,No,No,Yes,nan,26-100,Yes,Yes,Yes,Yes,No,No,Yes,Somewhat easy,Yes,No,No,Yes,Maybe,Maybe,Yes,No,
2015-09-28 21:01:45,39,Female ,Ireland,,No,Yes,No,Never,26-100,No,Yes,Don't know,No,No,Don't know,Yes,Very easy,No,No,No,Yes,Maybe,Maybe,Don't know,No,
2015-09-29 07:00:58,34,Guy (-ish) ^_^,United States,NC,No,Yes,Yes,Rarely,More than 1000,Yes,Yes,No,No,No,No,Yes,Very easy,Yes,No,No,No,No,No,Don't know,No,
2015-09-29 17:00:11,35,Femake,Ireland,,No,Yes,Yes,Sometimes,More than 1000,Yes,Yes,Don't know,No,No,Don't know,Don't know,Don't know,Maybe,No,Some of them,Yes,No,Maybe,Yes,No,
2015-09-30 02:59:24,35,m,United Kingdom,,No,No,No,Rarely,26-100,Yes,Yes,No,No,No,No,Don't know,Somewhat easy,Maybe,Maybe,Some of them,Some of them,No,Maybe,Don't know,No,
2015-09-30 12:58:37,35,Androgyne,United States,IN,No,No,No,Often,100-500,No,No,Don't know,No,No,No,Don't know,Don't know,Maybe,No,Some of them,No,No,No,Don't know,No,
2015-09-30 22:57:50,36,f,United States,MA,No,No,No,Never,26-100,No,Yes,No,No,Yes,Don't know,Don't know,Somewhat easy,No,Yes,Some of them,No,No,Maybe,Yes,No,In small startups it is hard to keep mental health issues private.
2015-10-01 08:57:03,41,female,United States,OR,No,No,No,Rarely,26-100,No,Yes,Don't know,Yes,No,Don't know,Don't know,Very easy,No,No,Some of them,Some of them,No,Maybe,No,No,
2015-10-01 18:56:16,33,Female ,United States,CA,No,Yes,No,Never,More than 1000,No,No,Yes,Yes,Yes,No,No,Very difficult,Yes,No,Some of them,Some of them,No,Maybe,Don't know,Yes,
2015-10-02 04:55:29,36,female ,United States,NY,Yes,Yes,No,nan,6-25,No,Yes,Don't know,Not sure,No,Don't know,Don't know,Don't know,Maybe,No,Some of them,No,Maybe,Maybe,Don't know,No,
2015-10-02 14:54:42,31,M,United Kingdom,,No,Yes,Yes,Never,6-25,No,Yes,Yes,Yes,No,Yes,Don't know,Don't know,No,No,No,Some of them,Maybe,No,No,No,
2015-10-03 00:53:55,42,cis-female/femme,Brazil,,No,Yes,Yes,nan,26-100,No,Yes,Yes,No,No,Don't know,Don't know,Don't know,Maybe,No,Yes,Some of them,No,Maybe,Don't know,No,
2015-10-03 10:53:08,27,maile,United States,MN,No,Yes,Yes,nan,1-5,No,Yes,No,No,No,No,Don't know,Don't know,Yes,No,Yes,Some of them,Maybe,Maybe,Yes,Yes,
2015-10-03 20:52:21,44,Trans-female,United Kingdom,,No,No,No,Never,100-500,No,Yes,Yes,Not sure,No,Don't know,Don't know,Somewhat difficult,Maybe,No,Some of them,Some of them,No,Yes,No,No,
2015-10-04 06:51:35,31,Enby,United States,TN,No,No,No,Sometimes,6-25,Yes,Yes,No,No,Don't know,Don't know,Don't know,Somewhat difficult,Maybe,No,Some of them,No,No,Yes,No,No,Our health plan has covered my psychotherapy and antidepressant medication. Manager has been discreet throughout.
2015-10-04 16:50:48,21,Genderqueer,United States,OH,No,No,No,Never,1-5,Yes,Yes,Yes,No,Don't know,No,No,Very easy,No,No,Some of them,No,No,No,Don't know,No,
2015-10-05 02:50:01,32,Woman,United States,TN,No,Yes,Yes,nan,100-500,Yes,No,Yes,No,Yes,Yes,Don't know,Somewhat difficult,No,No,Yes,Yes,No,Yes,Don't know,No,
2015-10-05 12:49:14,27,Cis Female,United Kingdom,,No,No,Yes,Sometimes,More than 1000,No,No,No,Yes,No,Yes,Don't know,Don't know,Yes,No,Some of them,Yes,Maybe,No,Don't know,No,
2015-10-05 22:48:27,37,Cis Male,Ireland,,No,Yes,No,Never,1-5,Yes,Yes,Yes,Yes,No,Yes,Don't know,Don't know,Maybe,Maybe,Some of them,Yes,No,No,No,Yes,
2015-10-06 08:47:40,27,Genderqueer,United Kingdom,,No,Yes,No,nan,26-100,Yes,Yes,Don't know,Not sure,No,Yes,Don't know,Don't know,Maybe,Yes,Yes,Yes,Maybe,No,No,No,
2015-10-06 18:46:53,28,Make,United States,MA,No,No,Yes,Sometimes,6-25,No,Yes,Don't know,Not sure,No,Don't know,Don't know,Somewhat difficult,Maybe,No,Some of them,No,Yes,No,Don't know,Yes,
2015-10-07 04:46:06,18,f,United States,OH,No,No,No,Rarely,More than 1000,No,Yes,Don't know,Yes,No,Don't know,Don't know,Very easy,Yes,No,Yes,Yes,No,No,Yes,No,
2015-10-07 14:45:19,28,Make,United States,NY,Yes,Yes,Yes,Sometimes,More than 1000,No,Yes,No,No,No,Don't know,Don't know,Very easy,Maybe,No,Some of them,Some of them,No,Maybe,No,Yes,Working remote is empowering. I've seen negative consequences in previous workplaces.
2015-10-08 00:44:32,18,Cis Male,United States,WA,No,No,No,Sometimes,More than 1000,No,No,Don't know,No,No,Yes,Don't know,Don't know,Maybe,Maybe,Some of them,Some of them,No,No,Don't know,No,
2015-10-08 10:43:45,20,female ,Germany,,No,Yes,Yes,nan,More than 1000,No,No,Don't know,No,No,Don't know,Don't know,Don't know,No,No,Some of them,Yes,No,No,Don't know,No,
2015-10-08 20:42:58,37,male,Canada,,No,No,Yes,Sometimes,1-5,No,Yes,No,No,No,No,Don't know,Very difficult,No,No,Yes,Yes,No,No,Don't know,No,
2015-10-09 06:42:11,37,non-binary,United Kingdom,,No,No,Yes,Sometimes,1-5,Yes,Yes,Yes,No,No,No,Don't know,Don't know,Yes,No,Yes,Some of them,Maybe,Maybe,Don't know,No,
2015-10-09 16:41:24,34,cis male,United States,IN,No,No,No,nan,1-5,No,Yes,Don't know,No,No,Yes,Don't know,Very easy,Yes,No,Some of them,Some of them,No,Maybe,No,No,
2015-10-10 02:40:37,25,Male,United States,TN,No,Yes,Yes,Sometimes,100-500,No,Yes,No,No,Don't know,No,Don't know,Don't know,Yes,No,Some of them,Some of them,Yes,Maybe,No,No,
2015-10-10 12:39:50,31,f,United States,IN,No,Yes,Yes,nan,1-5,Yes,Yes,Don't know,No,No,Don't know,Don't know,Don't know,Yes,Maybe,Some of them,Some of them,No,No,Don't know,No,
2015-10-10 22:39:03,31,male,United States,IN,No,No,No,nan,6-25,No,Yes,No,Not sure,No,Yes,Don't know,Very easy,Yes,No,Yes,Some of them,No,Maybe,Don't know,No,In small startups it is hard to keep mental health issues private.
2015-10-11 08:38:16,23,Make,United States,IN,No,No,No,Sometimes,26-100,Yes,Yes,Don't know,Yes,No,Don't know,Don't know,Don't know,Maybe,Yes,Some of them,No,No,Maybe,Don't know,No,
2015-10-11 18:37:29,42,cis-female/femme,United Kingdom,,No,Yes,No,Sometimes,More than 1000,No,Yes,No,Not sure,No,Yes,Don't know,Very easy,Yes,No,No,Yes,No,Maybe,No,No,
2015-10-12 04:36:42,38,male,United Kingdom,,Yes,No,Yes,Often,1-5,Yes,No,No,No,Yes,Don't know,Don't know,Very easy,Maybe,Yes,Some of them,Some of them,No,Maybe,Yes,Yes,
2015-10-12 14:35:55,30,fluid,United States,MN,No,No,No,Never,More than 1000,No,Yes,Yes,Yes,Don't know,No,Don't know,Somewhat easy,No,Maybe,Some of them,Yes,No,No,Yes,Yes,
2015-10-13 00:35:08,32,Male,United States,CA,Yes,No,Yes,Sometimes,100-500,No,Yes,Yes,No,No,Yes,Yes,Very easy,Maybe,No,Some of them,Some of them,No,Yes,Yes,No,
2015-10-13 10:34:21,33,maile,United States,NY,No,No,Yes,Often,6-25,No,Yes,Don't know,No,No,No,Yes,Somewhat easy,Yes,Maybe,No,No,No,Maybe,Don't know,No,
2015-10-13 20:33:34,18,Trans-female,United States,IN,No,No,Yes,Sometimes,26-100,Yes,Yes,No,No,Yes,No,Yes,Don't know,No,No,Yes,Some of them,No,No,Yes,No,
2015-10-14 06:32:47,30,cis male,Canada,,No,No,No,nan,100-500,Yes,Yes,Yes,Not sure,No,No,Yes,Very easy,Yes,No,Some of them,Yes,No,Maybe,No,No,Thanks for doing this survey. It helps end the stigma!
2015-10-14 16:32:00,27,m,United States,MN,No,No,Yes,Sometimes,6-25,No,Yes,Yes,Not sure,Don't know,No,No,Somewhat easy,No,No,Some of them,No,Maybe,Maybe,Don't know,No,
2015-10-15 02:31:13,24,Guy (-ish) ^_^,United States,TX,No,Yes,No,Sometimes,26-100,Yes,No,Yes,No,No,No,Yes,Don't know,No,No,Some of them,No,No,No,Yes,No,
2015-10-15 12:30:26,30,Make,United States,NC,No,No,Yes,Sometimes,26-100,No,Yes,No,No,No,No,Don't know,Somewhat difficult,No,No,Some of them,Some of them,No,No,Don't know,No,
2015-10-15 22:29:39,44,fluid,Netherlands,,No,Yes,Yes,nan,26-100,No,Yes,Don't know,Yes,Don't know,Don't know,Don't know,Somewhat easy,No,No,Yes,Yes,No,No,Yes,No,
2015-10-16 08:28:52,36,cis male,United States,MI,Yes,No,Yes,Often,100-500,Yes,Yes,Don't know,No,Don't know,Yes,Don't know,Somewhat difficult,No,Maybe,Some of them,Some of them,Yes,No,Yes,No,
2015-10-16 18:28:05,28,Genderqueer,United States,CA,No,Yes,No,nan,26-100,No,Yes,Yes,No,Don't know,No,Yes,Somewhat difficult,No,No,No,Some of them,No,Yes,Yes,Yes,
2015-10-17 04:27:18,-10,Androgyne,United States,IL,No,No,No,Never,More than 1000,No,Yes,Yes,No,No,No,No,Don't know,Yes,No,No,Some of them,No,Maybe,No,No,
2015-10-17 14:26:31,41,female,United Kingdom,,No,Yes,Yes,Sometimes,6-25,Yes,No,Yes,Yes,No,Don't know,Don't know,Somewhat easy,No,No,No,Some of them,No,Maybe,Don't know,No,I openly discuss my mental health struggles to encourage others to seek treatment.
2015-10-18 00:25:44,38,Agender,France,,No,Yes,Yes,Sometimes,100-500,Yes,Yes,Yes,No,Don't know,Don't know,Yes,Don't know,No,No,Yes,No,No,Maybe,Yes,No,
2015-10-18 10:24:57,32,Guy (-ish) ^_^,United States,PA,Yes,No,No,Never,26-100,Yes,Yes,No,No,No,Yes,Don't know,Don't know,No,No,No,Yes,No,No,Don't know,No,
2015-10-18 20:24:10,27,Trans woman,Netherlands,,No,Yes,No,Rarely,More than 1000,Yes,Yes,No,No,No,No,Don't know,Somewhat difficult,Maybe,No,Yes,Yes,No,Maybe,No,No,
2015-10-19 06:23:23,36,M,Ireland,,No,Yes,Yes,Rarely,100-500,No,Yes,Yes,Yes,Yes,Yes,Don't know,Very easy,Maybe,Maybe,Some of them,Some of them,No,Maybe,Don't know,No,
2015-10-19 16:22:36,34,cis-female/femme,Australia,,No,Yes,Yes,Sometimes,6-25,Yes,Yes,Yes,Not sure,No,Don't know,Don't know,Don't know,Maybe,No,No,Some of them,No,No,No,No,
2015-10-20 02:21:49,38,f,United Kingdom,,No,No,Yes,nan,1-5,No,Yes,Yes,No,No,Don't know,Don't know,Somewhat easy,No,No,No,Yes,No,Maybe,Don't know,No,
2015-10-20 12:21:02,36,Female,United Kingdom,,Yes,No,Yes,Sometimes,More than 1000,Yes,Yes,Don't know,Not sure,Don't know,No,Yes,Very difficult,No,Maybe,Some of them,No,No,Maybe,Don't know,No,
2015-10-20 22:20:15,39,female ,United States,NY,No,No,No,nan,26-100,No,Yes,Yes,Not sure,Yes,No,Yes,Somewhat easy,Maybe,No,No,No,Maybe,Maybe,Don't know,No,Working remote is empowering. I've seen negative consequences in previous workplaces.
2015-10-21 08:19:28,28,cis-female/femme,Canada,,Yes,No,Yes,Sometimes,6-25,No,No,Yes,Not sure,No,No,Yes,Very easy,Yes,No,No,Yes,No,Maybe,No,No,
2015-10-21 18:18:41,41,Male,United States,WA,No,No,No,Never,1-5,No,Yes,Yes,Not sure,No,No,Don't know,Very easy,No,No,Yes,No,Maybe,No,Don't know,No,
2015-10-22 04:17:54,33,Male (CIS),United Kingdom,,No,Yes,Yes,Sometimes,100-500,No,No,No,Yes,Yes,No,Yes,Don't know,Maybe,Maybe,Some of them,Yes,No,No,Don't know,No,
2015-10-22 14:17:07,46,Trans-female,United States,GA,No,Yes,No,Never,6-25,No,Yes,No,Not sure,Don't know,Yes,Don't know,Don't know,No,Maybe,No,Yes,No,Maybe,Don't know,No,
2015-10-23 00:16:20,27,Femake,United Kingdom,,No,No,Yes,Rarely,26-100,Yes,No,Don't know,No,Don't know,Don't know,Don't know,Very easy,No,Maybe,Some of them,No,No,Maybe,Don't know,No,
2015-10-23 10:15:33,44,Trans woman,Canada,,No,Yes,No,Never,100-500,Yes,Yes,Don't know,Yes,No,Don't know,Yes,Somewhat easy,Maybe,No,No,No,No,No,Don't know,No,
2015-10-23 20:14:46,33,non-binary,United States,NY,No,Yes,Yes,Never,100-500,No,Yes,No,Not sure,No,Don't know,Don't know,Somewhat easy,Maybe,No,Some of them,Yes,No,No,Yes,No,
2015-10-24 06:13:59,27,Trans woman,Germany,,No,No,Yes,Often,100-500,Yes,No,No,Not sure,No,No,Don't know,Very easy,No,Maybe,Some of them,Yes,No,No,Don't know,No,Thanks for doing this survey. It helps end the stigma!
2015-10-24 16:13:13,28,cis-female/femme,United States,MA,No,No,No,Often,26-100,No,Yes,Yes,Not sure,Yes,Yes,Don't know,Very easy,No,No,Some of them,Yes,No,No,Yes,No,
2015-10-25 02:12:26,29,cis male,Germany,,No,Yes,Yes,nan,100-500,No,No,Yes,Not sure,Yes,Don't know,Yes,Don't know,Yes,No,Some of them,Yes,No,Maybe,Don't know,No,
2015-10-25 12:11:39,34,m,United States,OH,No,Yes,No,Sometimes,26-100,No,No,Don't know,Not sure,No,No,Don't know,Don't know,Yes,No,Some of them,Yes,No,Yes,Don't know,No,
2015-10-25 22:10:52,35,Genderqueer,United States,NC,No,No,Yes,Rarely,6-25,Yes,Yes,Yes,Yes,No,No,Don't know,Don't know,Yes,No,Some of them,Yes,Maybe,No,Yes,No,
2015-10-26 08:10:05,27,female ,Australia,,No,No,Yes,Rarely,More than 1000,Yes,Yes,Don't know,Not sure,No,Don't know,Yes,Somewhat easy,Maybe,No,No,Yes,No,Maybe,Don't know,No,
2015-10-26 18:09:18,31,male,United States,MI,No,No,No,Sometimes,500-1000,No,Yes,Don't know,Yes,Yes,Don't know,Yes,Don't know,Maybe,Maybe,Yes,Some of them,No,Maybe,Don't know,No,
2015-10-27 04:08:31,46,Guy (-ish) ^_^,Germany,,nan,No,No,Never,26-100,No,Yes,Don't know,Not sure,Don't know,No,Yes,Somewhat easy,No,No,Some of them,No,No,Maybe,Don't know,No,
2015-10-27 14:07:44,44,Trans woman,United States,TN,No,No,Yes,Sometimes,More than 1000,No,Yes,Yes,Not sure,No,Yes,Don't know,Don't know,No,No,Some of them,Yes,No,Maybe,Don't know,No,Our health plan has covered my psychotherapy and antidepressant medication. Manager has been discreet throughout.
2015-10-28 00:06:57,35,f,United States,IN,No,No,No,Sometimes,More than 1000,No,Yes,Don't know,Not sure,No,Don't know,Don't know,Somewhat easy,Maybe,No,Some of them,Yes,No,Yes,Yes,No,
2015-10-28 10:06:10,32,female,United States,OH,No,No,Yes,Sometimes,More than 1000,No,Yes,No,Yes,No,Don't know,Don't know,Don't know,Maybe,Maybe,No,Yes,No,Yes,Yes,No,
2015-10-28 20:05:23,32,F,United States,OH,Yes,Yes,No,Sometimes,1-5,No,No,Yes,No,No,No,Don't know,Somewhat easy,No,No,Some of them,Some of them,No,Maybe,Yes,No,
2015-10-29 06:04:36,36,Man,United States,IN,No,No,Yes,Often,100-500,No,Yes,Don't know,No,Yes,No,Yes,Don't know,Yes,No,Some of them,Yes,No,Maybe,Don't know,Yes,
2015-10-29 16:03:49,24,Guy (-ish) ^_^,United States,NY,No,Yes,Yes,Rarely,6-25,Yes,Yes,Yes,Not sure,Don't know,Yes,Don't know,Don't know,No,Maybe,Some of them,Yes,No,No,Don't know,No,
2015-10-30 02:03:02,30,Guy (-ish) ^_^,United States,IN,No,Yes,Yes,nan,500-1000,No,No,Yes,Yes,No,Yes,Don't know,Somewhat difficult,No,No,Some of them,Yes,No,Maybe,Don't know,No,
2015-10-30 12:02:15,20,male,United States,NC,No,No,Yes,Often,100-500,No,Yes,Don't know,No,No,No,Yes,Don't know,No,No,Some of them,No,No,No,Yes,No,
2015-10-30 22:01:28,34,non-binary,Brazil,,No,No,No,Sometimes,1-5,No,Yes,Yes,No,Yes,No,Yes,Very easy,Maybe,No,Some of them,Yes,No,No,Yes,No,Working remote is empowering. I've seen negative consequences in previous workplaces.
2015-10-31 08:00:41,36,Female,India,,Yes,No,Yes,nan,More than 1000,Yes,Yes,Yes,Not sure,No,No,Yes,Very difficult,No,Maybe,No,No,Maybe,No,Don't know,No,
2015-10-31 17:59:54,28,Enby,United States,MI,No,Yes,Yes,nan,1-5,Yes,Yes,Yes,Not sure,No,No,Yes,Somewhat easy,No,Maybe,No,Yes,No,No,No,No,
2015-11-01 03:59:07,43,fluid,United Kingdom,,No,No,No,Never,6-25,Yes,Yes,Don't know,Not sure,Yes,Don't know,Yes,Somewhat difficult,Maybe,No,Some of them,Yes,No,No,Don't know,No,
2015-11-01 13:58:20,23,Man,United States,MA,No,No,Yes,Rarely,26-100,No,Yes,No,Yes,Don't know,Yes,Yes,Don't know,Maybe,Maybe,No,No,No,Yes,No,No,
2015-11-01 23:57:33,21,Femake,United Kingdom,,No,No,No,nan,1-5,Yes,No,Yes,No,Yes,No,Don't know,Somewhat easy,Maybe,Maybe,Some of them,No,No,Maybe,Don't know,No,
2015-11-02 09:56:46,33,F,Canada,,No,Yes,Yes,Never,6-25,No,Yes,Don't know,No,No,No,No,Somewhat easy,No,No,Yes,No,No,Yes,No,No,
2015-11-02 19:55:59,39,Androgyne,Ireland,,nan,Yes,Yes,nan,6-25,No,Yes,Yes,No,No,Yes,Don't know,Don't know,Maybe,No,Some of them,Yes,No,Maybe,Don't know,No,
2015-11-03 05:55:12,43,Man,United States,IN,No,No,No,Sometimes,100-500,No,Yes,Don't know,Not sure,No,No,Don't know,Don't know,Maybe,No,No,No,No,Maybe,No,No,Thanks for doing this survey. It helps end the stigma!
2015-11-03 15:54:25,28,cis-female/femme,Canada,,No,Yes,Yes,Sometimes,1-5,No,No,Don't know,No,No,Yes,Don't know,Don't know,No,Maybe,No,Yes,Yes,Maybe,Don't know,No,
2015-11-04 01:53:38,39,Female ,United States,TN,Yes,No,No,Never,6-25,Yes,No,Don't know,Yes,Don't know,Don't know,Yes,Very easy,Yes,No,Some of them,No,No,No,Don't know,No,
2015-11-04 11:52:51,31,cis male,Switzerland,,No,No,No,Rarely,1-5,Yes,Yes,No,Yes,No,Yes,Yes,Very difficult,Maybe,No,Yes,No,No,Maybe,Don't know,No,
2015-11-04 21:52:04,30,Cis Male,United States,TN,No,Yes,No,nan,100-500,No,Yes,No,Yes,Don't know,No,Don't know,Don't know,No,No,Some of them,Yes,No,Yes,No,No,
2015-11-05 07:51:17,38,Femake,United Kingdom,,No,Yes,Yes,nan,More than 1000,No,Yes,Yes,Not sure,No,No,Don't know,Don't know,Yes,No,No,No,No,No,No,No,
2015-11-05 17:50:30,36,Trans-female,United Kingdom,,No,Yes,Yes,Never,1-5,No,No,No,No,No,No,Yes,Don't know,Yes,Maybe,Some of them,No,No,Maybe,Don't know,No,
2015-11-06 03:49:43,20,cis male,United Kingdom,,Yes,No,No,Sometimes,26-100,No,Yes,Yes,Not sure,Yes,No,Yes,Somewhat easy,Yes,No,Some of them,Yes,No,No,Yes,No,
2015-11-06 13:48:56,42,female ,United States,OH,No,Yes,No,nan,6-25,No,Yes,No,No,No,No,Don't know,Very easy,Maybe,Maybe,Some of them,Some of them,No,Yes,Yes,No,In small startups it is hard to keep mental health issues private.
2015-11-06 23:48:09,41,Female,Ireland,,No,No,Yes,Rarely,26-100,Yes,Yes,Yes,No,No,Yes,Don't know,Don't know,No,No,Some of them,Some of them,No,No,Don't know,Yes,
2015-11-07 09:47:22,27,Trans-female,United States,IL,No,No,No,Sometimes,More than 1000,Yes,Yes,Don't know,Yes,No,Yes,Yes,Don't know,No,No,Some of them,Yes,No,Maybe,Don't know,No,
2015-11-07 19:46:35,34,Man,United Kingdom,,No,No,No,Never,More than 1000,No,Yes,Yes,No,No,Don't know,Don't know,Very easy,Maybe,Maybe,Some of them,Some of them,No,Yes,No,No,
2015-11-08 05:45:48,35,Androgyne,United States,PA,No,Yes,Yes,Often,100-500,Yes,Yes,Yes,Not sure,No,No,Yes,Somewhat difficult,Yes,No,No,No,No,No,Don't know,No,
2015-11-08 15:45:01,33,Make,United States,MA,No,Yes,Yes,Often,100-500,No,Yes,No,Yes,No,Don't know,Don't know,Somewhat easy,Maybe,No,Some of them,Some of them,No,Maybe,Don't know,Yes,
2015-11-09 01:44:14,28,Guy (-ish) ^_^,United States,IL,Yes,No,No,Never,More than 1000,No,Yes,No,No,Don't know,Don't know,Don't know,Somewhat easy,Yes,Yes,Some of them,Some of them,No,Maybe,Don't know,Yes,
2015-11-09 11:43:27,27,male,United States,OR,No,No,Yes,Sometimes,100-500,No,Yes,Don't know,No,Don't know,No,Don't know,Don't know,No,No,No,No,No,No,Don't know,No,
2015-11-09 21:42:40,31,m,United States,OR,No,No,No,nan,6-25,No,Yes,No,Yes,No,Yes,Don't know,Don't know,Maybe,No,Some of them,Yes,No,Yes,Yes,No,Our health plan has covered my psychotherapy and antidepressant medication. Manager has been discreet throughout.
2015-11-10 07:41:53,40,f,United States,CA,No,Yes,Yes,Rarely,6-25,Yes,Yes,No,Not sure,No,No,Don't know,Don't know,Yes,No,Some of them,Some of them,Maybe,Maybe,Don't know,No,
2015-11-10 17:41:06,35,Make,United States,OH,No,Yes,No,Never,1-5,No,Yes,Yes,Yes,No,No,Don't know,Don't know,Maybe,No,Some of them,Yes,No,Maybe,Don't know,No,
2015-11-11 03:40:19,29,Enby,Canada,,No,No,Yes,Sometimes,6-25,No,Yes,Yes,Yes,No,No,Yes,Very difficult,Yes,Maybe,Some of them,Yes,Maybe,Yes,Don't know,Yes,
2015-11-11 13:39:32,37,Male,Netherlands,,No,Yes,No,Often,26-100,No,Yes,Yes,Not sure,No,Don't know,Don't know,Somewhat easy,Yes,Yes,Some of them,Yes,No,Maybe,Don't know,No,
2015-11-11 23:38:45,18,Guy (-ish) ^_^,United States,TN,No,No,Yes,Sometimes,100-500,Yes,Yes,Yes,Yes,Don't know,Don't know,Yes,Don't know,Maybe,No,Yes,Some of them,No,Yes,Don't know,No,
2015-11-12 09:37:58,40,Male-ish,United States,NY,No,No,Yes,Sometimes,26-100,No,Yes,Yes,No,No,No,Don't know,Don't know,Maybe,Maybe,Some of them,Some of them,No,Maybe,No,No,
2015-11-12 19:37:11,19,Male,United States,TN,No,Yes,Yes,Never,1-5,Yes,Yes,Yes,Yes,Don't know,No,Yes,Don't know,Yes,Maybe,Some of them,Yes,No,No,Don't know,Yes,
2015-11-13 05:36:24,29,m,United States,MN,No,No,Yes,Sometimes,26-100,Yes,No,Yes,Yes,Yes,No,Don't know,Somewhat easy,Maybe,No,Some of them,Some of them,No,Maybe,No,No,Thanks for doing this survey. It helps end the stigma!
2015-11-13 15:35:38,24,Female,United Kingdom,,No,No,Yes,Rarely,6-25,No,Yes,Yes,Yes,Don't know,No,Don't know,Don't know,No,No,Some of them,Yes,No,Yes,Don't know,No,
2015-11-14 01:34:51,22,f,United Kingdom,,Yes,Yes,Yes,Sometimes,26-100,No,Yes,No,Yes,No,No,Don't know,Don't know,Maybe,No,Some of them,Some of them,Yes,No,Yes,No,
2015-11-14 11:34:04,40,Female,United States,MN,No,No,No,Rarely,More than 1000,Yes,Yes,Yes,Not sure,No,No,Don't know,Somewhat easy,Maybe,Yes,Some of them,No,No,Yes,Don't know,Yes,
2015-11-14 21:33:17,28,Cis Female,United States,TN,No,Yes,Yes,Sometimes,26-100,No,No,Don't know,No,Yes,No,Yes,Don't know,No,Yes,Some of them,Yes,Maybe,No,Yes,No,
2015-11-15 07:32:30,34,Female ,United States,MI,No,No,No,Sometimes,More than 1000,Yes,Yes,Don't know,Not sure,No,Yes,Yes,Don't know,Maybe,No,Some of them,Yes,No,Maybe,No,Yes,
2015-11-15 17:31:43,31,Male,Germany,,No,Yes,Yes,Sometimes,1-5,No,Yes,Don't know,Yes,Yes,Don't know,Yes,Don't know,No,Maybe,No,Yes,Maybe,Maybe,Don't know,No,
2015-11-16 03:30:56,35,F,Brazil,,No,No,No,nan,1-5,No,Yes,Yes,Yes,No,Don't know,Don't know,Don't know,Maybe,No,Some of them,Yes,No,No,Don't know,No,
2015-11-16 13:30:09,32,Trans woman,United States,NC,Yes,No,No,nan,26-100,Yes,Yes,Yes,No,No,No,Yes,Don't know,Yes,No,Some of them,Some of them,No,No,Yes,No,Our health plan has covered my psychotherapy and antidepressant medication. Manager has been discreet throughout.
2015-11-16 23:29:22,23,Cis Female,United States,MN,No,No,Yes,Sometimes,More than 1000,Yes,Yes,Yes,No,Don't know,No,Don't know,Don't know,Maybe,Yes,No,Yes,No,Yes,Don't know,No,
2015-11-17 09:28:35,38,cis-female/femme,Germany,,No,Yes,Yes,Often,More than 1000,Yes,Yes,Don't know,Not sure,Don't know,No,No,Very easy,Yes,No,Some of them,Some of them,Maybe,Maybe,Yes,No,
2015-11-17 19:27:48,28,cis male,Australia,,No,No,No,Rarely,1-5,No,Yes,Yes,Yes,Don't know,No,Yes,Very easy,No,No,No,No,No,No,Don't know,No,
2015-11-18 05:27:01,21,non-binary,United States,WA,No,Yes,No,nan,500-1000,Yes,Yes,Don't know,No,Yes,No,Don't know,Somewhat easy,Yes,No,No,No,No,Yes,Yes,No,
2015-11-18 15:26:14,29,non-binary,United States,TN,No,No,No,Never,26-100,Yes,No,Don't know,Yes,No,Yes,Don't know,Somewhat difficult,No,No,Some of them,Yes,No,Maybe,Yes,No,
2015-11-19 01:25:27,42,Cis Female,United States,GA,No,No,No,Often,100-500,Yes,Yes,Don't know,No,No,Yes,Don't know,Don't know,No,No,Some of them,Some of them,Maybe,Yes,Don't know,No,
2015-11-19 11:24:40,37,Female (trans),United States,CA,No,Yes,Yes,Sometimes,26-100,No,Yes,Don't know,Not sure,Yes,No,Yes,Somewhat difficult,Yes,No,Yes,No,No,Maybe,Yes,No,
2015-11-19 21:23:53,29,m,United States,IL,No,Yes,Yes,Never,6-25,No,No,Don't know,Not sure,No,No,Don't know,Don't know,Maybe,Maybe,No,Some of them,No,No,Don't know,No,Thanks for doing this survey. It helps end the stigma!
2015-11-20 07:23:06,29,Male,United States,OR,No,No,Yes,nan,6-25,Yes,No,No,No,Don't know,Yes,Yes,Don't know,No,Maybe,Yes,Some of them,No,Maybe,Don't know,No,
2015-11-20 17:22:19,29,non-binary,United States,TN,Yes,Yes,Yes,Never,More than 1000,No,No,Yes,Not sure,No,No,Don't know,Don't know,Yes,No,Some of them,Yes,Maybe,Maybe,Don't know,No,
2015-11-21 03:21:32,46,Enby,United States,TN,No,No,Yes,Sometimes,More than 1000,No,No,No,Not sure,No,Don't know,Don't know,Don't know,Maybe,No,Some of them,Yes,No,Maybe,Yes,Yes,
2015-11-21 13:20:45,34,m,Canada,,No,Yes,Yes,Sometimes,6-25,No,No,No,No,No,Yes,Don't know,Very difficult,Yes,No,Yes,Some of them,No,Yes,Don't know,No,
2015-11-21 23:19:58,35,Make,United States,MN,No,Yes,Yes,Often,100-500,No,Yes,Don't know,Yes,No,Yes,Don't know,Don't know,Maybe,No,Some of them,Some of them,Maybe,No,No,No,
2015-11-22 09:19:11,39,Male,United States,NC,Yes,No,No,Rarely,26-100,No,No,Yes,Yes,Yes,No,Yes,Don't know,Maybe,No,Yes,No,No,Maybe,Yes,No,
2015-11-22 19:18:24,33,cis male,United States,IN,No,No,No,Never,More than 1000,No,No,Don't know,Yes,Don't know,No,Don't know,Don't know,Maybe,No,Some of them,Yes,No,Yes,Don't know,No,
2015-11-23 05:17:37,30,non-binary,United States,WA,No,No,No,nan,26-100,Yes,Yes,Yes,No,No,No,Don't know,Don't know,No,No,Yes,No,No,No,No,No,I openly discuss my mental health struggles to encourage others to seek treatment.
2015-11-23 15:16:50,30,Cis Female,Brazil,,No,Yes,Yes,Sometimes,6-25,No,Yes,Yes,No,No,Yes,Don't know,Don't know,Maybe,No,Some of them,Yes,Maybe,Yes,Don't know,No,
2015-11-24 01:16:03,31,Male-ish,United States,MA,No,Yes,No,Sometimes,26-100,No,No,Yes,Yes,No,Yes,Don't know,Don't know,Maybe,No,Some of them,Yes,No,Maybe,Yes,No,
2015-11-24 11:15:16,31,Guy (-ish) ^_^,United States,NY,Yes,Yes,Yes,nan,26-100,No,Yes,Yes,No,No,Don't know,Yes,Don't know,No,No,Yes,No,No,Maybe,Don't know,No,
2015-11-24 21:14:29,37,Male,United Kingdom,,No,No,No,Sometimes,More than 1000,No,No,Don't know,Not sure,No,Don't know,Don't know,Somewhat difficult,No,Maybe,Some of them,Yes,Maybe,No,No,No,
2015-11-25 07:13:42,32,cis male,United States,GA,No,No,Yes,Sometimes,6-25,No,Yes,No,No,No,Don't know,Yes,Don't know,No,Maybe,Some of them,No,No,Maybe,Yes,No,
2015-11-25 17:12:55,37,Femake,Australia,,No,No,Yes,Never,More than 1000,Yes,Yes,Yes,Yes,No,Don't know,Yes,Don't know,Yes,No,Some of them,Some of them,Maybe,No,Yes,Yes,
2015-11-26 03:12:08,31,Female (trans),United States,MA,No,No,No,nan,6-25,No,Yes,No,Not sure,No,Yes,Yes,Somewhat easy,Maybe,Maybe,No,Some of them,No,No,Don't know,No,
2015-11-26 13:11:21,32,fluid,United States,NY,No,No,No,Sometimes,More than 1000,Yes,Yes,No,Yes,No,Don't know,Don't know,Very difficult,Maybe,No,Yes,Some of them,No,Maybe,Don't know,No,In small startups it is hard to keep mental health issues private.
2015-11-26 23:10:34,18,Male,United States,PA,Yes,No,No,nan,100-500,No,Yes,No,Yes,No,Don't know,Don't know,Don't know,Yes,No,Some of them,Some of them,No,Maybe,Don't know,No,
2015-11-27 09:09:47,38,Androgyne,United States,TN,No,No,No,nan,6-25,No,Yes,No,Not sure,No,No,Yes,Don't know,Maybe,Maybe,Some of them,Yes,No,Yes,Don't know,No,
2015-11-27 19:09:00,34,Genderqueer,Germany,,No,No,No,Sometimes,More than 1000,No,Yes,Yes,Not sure,No,Don't know,Yes,Very difficult,Yes,No,Some of them,Some of them,No,Maybe,Don't know,No,
2015-11-28 05:08:13,38,Genderqueer,Canada,,Yes,Yes,Yes,Often,6-25,No,Yes,Yes,No,No,No,Yes,Don't know,No,No,No,Some of them,No,Maybe,Yes,No,
2015-11-28 15:07:26,18,F,United States,WA,Yes,Yes,Yes,Never,More than 1000,Yes,Yes,Don't know,Yes,Yes,No,Don't know,Somewhat easy,No,No,Some of them,Some of them,Maybe,No,No,No,
2015-11-29 01:06:39,46,Female,United States,TX,No,No,No,Never,26-100,Yes,Yes,Don't know,Not sure,No,Yes,Don't know,Don't know,Maybe,Maybe,Some of them,No,No,No,Don't know,No,
2015-11-29 11:05:52,31,cis male,Canada,,No,Yes,Yes,Often,More than 1000,No,Yes,No,No,Yes,Don't know,Don't know,Very difficult,Maybe,No,Some of them,Yes,Maybe,No,Don't know,No,
2015-11-29 21:05:05,39,M,Ireland,,No,Yes,No,nan,More than 1000,No,Yes,No,No,No,Yes,Yes,Very difficult,Yes,Maybe,Some of them,Yes,No,No,No,Yes,Working remote is empowering. I've seen negative consequences in previous workplaces.
2015-11-30 07:04:18,24,maile,United States,MN,No,Yes,No,Sometimes,1-5,No,Yes,Don't know,No,Yes,No,Don't know,Very easy,Maybe,Yes,Yes,Yes,No,Maybe,No,Yes,
2015-11-30 17:03:31,36,maile,United States,OH,No,No,No,Never,More than 1000,No,Yes,Yes,No,No,Don't know,Don't know,Don't know,No,No,Some of them,Some of them,Maybe,Maybe,Don't know,No,
2015-12-01 03:02:44,24,f,United States,MN,No,Yes,No,Never,More than 1000,Yes,Yes,Yes,Yes,Don't know,No,Yes,Don't know,Maybe,No,Some of them,No,No,No,Don't know,No,
2015-12-01 13:01:57,27,non-binary,Netherlands,,Yes,Yes,No,Never,26-100,No,Yes,Yes,Not sure,No,Yes,Don't know,Don't know,Maybe,No,Some of them,Some of them,Maybe,Yes,Yes,No,
2015-12-01 23:01:10,45,F,United States,OR,No,Yes,Yes,Sometimes,1-5,Yes,Yes,Don't know,Not sure,Don't know,No,Don't know,Somewhat difficult,No,No,No,No,No,No,No,No,
2015-12-02 09:00:23,30,male,United States,IL,No,No,No,Sometimes,100-500,No,No,Don't know,Not sure,No,Don't know,Don't know,Somewhat difficult,Maybe,No,Some of them,No,No,Maybe,Don't know,No,
2015-12-02 18:59:36,33,Trans woman,Canada,,No,No,Yes,Often,26-100,No,No,No,No,No,Don't know,Don't know,Don't know,Yes,Maybe,Some of them,Yes,No,Maybe,Yes,No,
2015-12-03 04:58:49,38,Trans woman,United States,NC,No,No,No,Never,1-5,No,No,Don't know,No,Don't know,No,Don't know,Somewhat easy,Yes,No,Some of them,Yes,No,Maybe,Yes,Yes,Thanks for doing this survey. It helps end the stigma!
2015-12-03 14:58:03,35,Genderqueer,United States,OR,No,No,Yes,Sometimes,26-100,No,Yes,No,Not sure,No,Yes,Don't know,Don't know,Maybe,Yes,No,No,No,No,Don't know,No,
2015-12-04 00:57:16,33,Female (trans),United States,GA,No,No,Yes,nan,1-5,Yes,Yes,Don't know,No,Yes,Yes,Don't know,Don't know,No,No,Some of them,No,No,Maybe,No,No,
2015-12-04 10:56:29,34,Cis Female,United States,IL,No,Yes,No,nan,1-5,No,Yes,No,No,No,No,Don't know,Somewhat easy,No,Maybe,Some of them,Yes,No,Maybe,Don't know,No,
2015-12-04 20:55:42,48,Trans woman,United States,PA,No,Yes,Yes,Never,6-25,Yes,Yes,Yes,Not sure,No,No,Don't know,Don't know,Maybe,No,Some of them,Some of them,No,Maybe,Yes,No,
2015-12-05 06:54:55,31,M,United States,MA,No,Yes,Yes,Sometimes,100-500,No,No,No,Yes,Don't know,No,Yes,Don't know,Maybe,No,Some of them,Yes,Maybe,No,Yes,Yes,
2015-12-05 16:54:08,33,Guy (-ish) ^_^,United States,NC,No,Yes,No,Rarely,26-100,Yes,Yes,Don't know,No,No,No,Don't know,Don't know,No,Maybe,Yes,Some of them,Maybe,Maybe,Don't know,No,
2015-12-06 02:53:21,39,Man,United States,NC,No,Yes,No,Sometimes,26-100,No,Yes,Yes,Not sure,No,Yes,Don't know,Very easy,No,No,Some of them,Yes,No,No,Yes,No,
2015-12-06 12:52:34,39,Man,Canada,,No,No,No,Sometimes,26-100,Yes,Yes,Yes,Not sure,Don't know,Yes,Don't know,Somewhat difficult,Yes,No,Yes,No,No,No,No,No,Our health plan has covered my psychotherapy and antidepressant medication. Manager has been discreet throughout.
2015-12-06 22:51:47,40,Cis Male,Canada,,No,No,No,Often,100-500,Yes,No,No,No,Don't know,No,Don't know,Very difficult,Yes,No,Some of them,Yes,No,Maybe,No,Yes,
2015-12-07 08:51:00,36,female ,United States,CA,No,No,No,Sometimes,6-25,Yes,No,Yes,Not sure,Yes,No,Don't know,Very easy,Maybe,No,Some of them,Some of them,No,No,Don't know,No,
2015-12-07 18:50:13,23,Genderqueer,United States,TN,Yes,No,No,Sometimes,6-25,No,Yes,Don't know,No,No,Don't know,Don't know,Somewhat easy,No,Maybe,Some of them,Yes,No,Maybe,Don't know,No,
2015-12-08 04:49:26,43,Woman,United States,TX,No,Yes,Yes,Sometimes,100-500,Yes,No,Yes,Yes,No,No,Yes,Don't know,No,Yes,Yes,No,Yes,Maybe,No,No,
2015-12-08 14:48:39,23,Cis Male,United States,IL,No,Yes,Yes,Sometimes,6-25,No,Yes,Don't know,Not sure,No,No,Don't know,Very difficult,No,No,Some of them,Some of them,No,No,Yes,No,
2015-12-09 00:47:52,34,Enby,United States,OH,No,No,No,Sometimes,6-25,No,No,No,Not sure,No,No,Yes,Somewhat easy,Maybe,No,Yes,Yes,No,No,No,Yes,
2015-12-09 10:47:05,26,female ,United Kingdom,,No,No,No,nan,26-100,No,No,Yes,No,Don't know,Don't know,Don't know,Very easy,No,No,Some of them,Yes,Maybe,No,Don't know,No,
2015-12-09 20:46:18,31,Female,United States,IL,No,Yes,Yes,Sometimes,26-100,No,No,Don't know,No,No,Don't know,Don't know,Very easy,Yes,Yes,Some of them,Some of them,No,No,Don't know,No,In small startups it is hard to keep mental health issues private.
2015-12-10 06:45:31,34,Femake,United States,IN,No,No,Yes,Sometimes,More than 1000,Yes,Yes,No,No,No,Don't know,Don't know,Somewhat difficult,Yes,Maybe,Yes,No,Maybe,No,Don't know,No,
2015-12-10 16:44:44,34,Make,United States,CA,Yes,No,No,Sometimes,6-25,No,Yes,No,Yes,No,No,Yes,Don't know,No,No,Yes,Yes,No,No,No,Yes,
2015-12-11 02:43:57,34,Male-ish,United Kingdom,,No,No,No,nan,500-1000,No,Yes,No,No,Don't know,Yes,Don't know,Don't know,Maybe,No,Some of them,No,No,No,No,No,
2015-12-11 12:43:10,43,Agender,United States,IN,No,No,Yes,Never,100-500,No,Yes,Don't know,Yes,Yes,Don't know,Don't know,Very easy,Maybe,No,No,Yes,Maybe,No,Yes,No,
2015-12-11 22:42:23,35,cis male,United Kingdom,,No,Yes,Yes,Sometimes,26-100,No,No,Yes,No,No,Yes,Don't know,Somewhat difficult,Yes,No,Some of them,Yes,No,Maybe,Don't know,No,
2015-12-12 08:41:36,30,F,United States,OR,No,Yes,No,nan,26-100,No,Yes,Don't know,Yes,No,No,Don't know,Very easy,Yes,No,Some of them,No,No,Maybe,Don't know,No,
2015-12-12 18:40:49,38,Androgyne,Netherlands,,No,No,No,Never,26-100,No,Yes,No,No,Don't know,Yes,Yes,Don't know,No,No,Some of them,Some of them,No,No,Yes,Yes,
2015-12-13 04:40:02,40,cis-female/femme,Netherlands,,No,Yes,Yes,Sometimes,More than 1000,No,Yes,Yes,Not sure,No,Yes,Don't know,Don't know,No,No,Some of them,No,No,Maybe,Yes,No,Working remote is empowering. I've seen negative consequences in previous workplaces.
2015-12-13 14:39:15,23,male,United States,WA,Yes,No,Yes,Sometimes,6-25,No,Yes,Yes,No,No,No,Yes,Very easy,Maybe,No,Some of them,No,No,Maybe,Yes,No,
2015-12-14 00:38:28,36,Cis Male,United States,OR,No,No,No,Never,6-25,Yes,Yes,Yes,No,No,No,Yes,Very easy,Maybe,No,Some of them,Some of them,No,No,Don't know,No,
2015-12-14 10:37:41,36,Male,United States,PA,No,Yes,Yes,Sometimes,1-5,Yes,Yes,Don't know,Not sure,No,Yes,Don't know,Somewhat easy,No,No,Yes,Yes,No,Yes,Don't know,No,
2015-12-14 20:36:54,29,female ,United States,WA,No,No,No,Rarely,26-100,Yes,Yes,No,Yes,No,Don't know,Don't know,Don't know,Maybe,No,No,No,No,Yes,Don't know,No,
2015-12-15 06:36:07,41,female,United Kingdom,,No,No,Yes,Sometimes,26-100,No,Yes,Yes,No,Yes,Yes,Don't know,Very difficult,Yes,No,Some of them,Some of them,No,Maybe,Yes,No,
2015-12-15 16:35:20,30,Cis Male,Canada,,No,Yes,Yes,Rarely,1-5,No,No,Don't know,No,No,Don't know,Don't know,Somewhat easy,No,No,Yes,Yes,No,No,Don't know,No,
2015-12-16 02:34:33,32,Trans woman,United Kingdom,,No,No,Yes,Sometimes,More than 1000,No,Yes,No,Yes,No,Don't know,Don't know,Very easy,Yes,Maybe,Some of them,Yes,No,Maybe,No,No,
2015-12-16 12:33:46,30,Cis Female,Canada,,No,No,Yes,Sometimes,26-100,No,No,Yes,No,Yes,No,Don't know,Don't know,No,No,Some of them,Some of them,No,Maybe,Yes,No,Our health plan has covered my psychotherapy and antidepressant medication. Manager has been discreet throughout.
2015-12-16 22:32:59,32,maile,United States,OR,No,No,No,Never,100-500,No,Yes,Don't know,Not sure,Yes,No,Yes,Don't know,Yes,Maybe,No,Some of them,No,No,Don't know,Yes,
2015-12-17 08:32:12,24,f,United States,OH,No,Yes,No,nan,6-25,No,Yes,No,Yes,No,Yes,Yes,Somewhat difficult,Maybe,No,Some of them,Yes,No,Maybe,Don't know,Yes,
2015-12-17 18:31:25,21,cis-female/femme,United Kingdom,,No,No,No,Never,100-500,No,Yes,No,No,No,No,Yes,Don't know,No,No,No,Yes,No,Maybe,No,No,
2015-12-18 04:30:38,43,M,United States,MN,No,No,Yes,Rarely,More than 1000,No,Yes,Yes,Yes,No,No,Don't know,Somewhat easy,Maybe,Maybe,Some of them,Yes,No,Yes,Don't know,No,
2015-12-18 14:29:51,26,Make,United Kingdom,,No,Yes,Yes,Sometimes,100-500,Yes,Yes,Yes,Yes,No,Don't know,Don't know,Somewhat easy,Yes,No,Some of them,Yes,No,No,Don't know,No,
2015-12-19 00:29:04,25,Enby,United States,OR,No,Yes,Yes,Sometimes,500-1000,No,Yes,Yes,Not sure,No,Don't know,Don't know,Very easy,Yes,No,Some of them,No,Maybe,No,No,No,
2015-12-19 10:28:17,18,F,United States,NC,No,No,No,Sometimes,1-5,No,Yes,No,No,No,No,Yes,Don't know,No,No,Yes,No,No,Yes,Yes,No,
2015-12-19 20:27:30,27,Cis Female,Switzerland,,No,Yes,Yes,Sometimes,1-5,No,Yes,No,Yes,No,No,No,Don't know,Maybe,Maybe,No,Some of them,No,No,Yes,No,In small startups it is hard to keep mental health issues private.
2015-12-20 06:26:43,22,female,United States,OH,No,No,Yes,Sometimes,More than 1000,No,Yes,Don't know,No,No,No,Don't know,Very difficult,Maybe,No,No,Yes,No,Maybe,Don't know,No,
2015-12-20 16:25:56,43,male,New Zealand,,No,No,No,Sometimes,26-100,No,Yes,Yes,Yes,No,No,Don't know,Somewhat easy,Maybe,No,Some of them,Some of them,No,No,No,No,
2015-12-21 02:25:09,39,Male (CIS),Brazil,,No,No,Yes,Often,More than 1000,No,Yes,Yes,Not sure,No,Don't know,Don't know,Don't know,Yes,No,Some of them,Yes,No,No,Don't know,No,
2015-12-21 12:24:22,27,female,Canada,,No,Yes,Yes,Sometimes,100-500,No,No,Don't know,No,No,No,Yes,Don't know,No,No,No,Yes,No,Maybe,Don't know,No,
2015-12-21 22:23:35,47,Man,United Kingdom,,No,No,Yes,Rarely,1-5,Yes,Yes,Don't know,Not sure,No,Yes,Don't know,Very difficult,No,No,Some of them,No,No,No,Don't know,No,
2015-12-22 08:22:48,38,male,United States,OH,No,Yes,No,Never,6-25,Yes,Yes,No,Yes,No,Yes,Don't know,Don't know,Maybe,No,Some of them,Yes,Maybe,No,Don't know,No,
2015-12-22 18:22:01,29,fluid,Germany,,No,No,Yes,Never,1-5,No,No,Don't know,Not sure,No,Don't know,No,Somewhat easy,No,No,No,Yes,No,Maybe,No,No,
2015-12-23 04:21:14,18,Female (trans),United States,NC,nan,No,No,Rarely,100-500,No,Yes,Yes,Not sure,No,No,Yes,Don't know,Yes,No,Some of them,Some of them,Maybe,Maybe,Yes,No,Our health plan has covered my psychotherapy and antidepressant medication. Manager has been discreet throughout.
2015-12-23 14:20:27,48,Genderqueer,United States,MN,No,No,Yes,Sometimes,500-1000,No,No,Yes,No,No,Don't know,Don't know,Somewhat difficult,Maybe,Maybe,Some of them,Yes,No,Maybe,Yes,No,
2015-12-24 00:19:41,22,fluid,United Kingdom,,No,No,No,Sometimes,1-5,Yes,Yes,Yes,No,No,No,Yes,Very easy,Maybe,Maybe,No,No,No,Yes,No,No,
2015-12-24 10:18:54,20,maile,United States,MI,No,No,Yes,Often,26-100,No,No,Yes,No,Yes,No,Don't know,Somewhat easy,Yes,Maybe,No,Yes,No,No,Don't know,No,
2015-12-24 20:18:07,39,Trans woman,United States,WA,No,No,No,nan,6-25,No,Yes,Yes,No,Yes,Yes,Don't know,Don't know,Maybe,No,No,Yes,No,No,Don't know,No,
2015-12-25 06:17:20,49,Man,United States,MA,No,No,Yes,Sometimes,6-25,No,No,Yes,Yes,No,No,Don't know,Somewhat difficult,Maybe,No,Some of them,No,No,No,Yes,No,
2015-12-25 16:16:33,41,Trans woman,United States,NY,No,No,Yes,Sometimes,26-100,No,Yes,Yes,Yes,Yes,Yes,Yes,Don't know,No,Maybe,Some of them,Some of them,Yes,No,Yes,No,
2015-12-26 02:15:46,35,Female (trans),Germany,,No,Yes,No,nan,More than 1000,Yes,Yes,Yes,Not sure,No,No,Yes,Very difficult,No,No,No,Yes,No,No,Yes,No,
2015-12-26 12:14:59,36,Trans-female,United States,TN,No,Yes,Yes,Sometimes,100-500,No,Yes,No,Yes,No,No,Don't know,Somewhat easy,No,No,No,No,No,No,Don't know,No,In small startups it is hard to keep mental health issues private.
2015-12-26 22:14:12,37,Female (trans),Ireland,,Yes,No,No,Rarely,1-5,No,Yes,Yes,Not sure,Yes,Yes,No,Very easy,Maybe,Maybe,Some of them,Some of them,No,Yes,Don't know,No,
2015-12-27 08:13:25,37,Woman,United Kingdom,,No,Yes,Yes,Sometimes,More than 1000,No,Yes,Don't know,Not sure,No,Don't know,Don't know,Don't know,Maybe,No,Yes,Some of them,No,Yes,Don't know,Yes,
2015-12-27 18:12:38,33,Make,Canada,,No,No,Yes,Sometimes,6-25,No,Yes,No,Not sure,Don't know,No,Yes,Very easy,No,No,Yes,Yes,No,Yes,Don't know,Yes,
2015-12-28 04:11:51,32,female,United States,IL,No,No,Yes,Rarely,6-25,Yes,No,Don't know,No,No,Don't know,Don't know,Don't know,Maybe,No,Some of them,Some of them,No,No,Don't know,No,
2015-12-28 14:11:04,31,Female ,Canada,,No,Yes,Yes,Never,6-25,Yes,Yes,No,Yes,No,No,Don't know,Don't know,No,Maybe,Yes,No,No,Yes,Don't know,No,
2015-12-29 00:10:17,26,M,United States,NY,No,No,Yes,Sometimes,26-100,No,No,Yes,No,No,Don't know,Don't know,Don't know,Yes,No,Some of them,Some of them,No,Maybe,Don't know,No,
2015-12-29 10:09:30,30,female ,Canada,,No,Yes,No,Never,More than 1000,No,Yes,No,No,No,No,Yes,Don't know,No,Maybe,Some of them,No,No,Yes,Don't know,No,
2015-12-29 20:08:43,20,Female (trans),United States,CA,No,No,Yes,nan,6-25,No,No,No,No,No,Don't know,Don't know,Don't know,Yes,No,Some of them,Yes,Maybe,Yes,No,Yes,Working remote is empowering. I've seen negative consequences in previous workplaces.
2015-12-30 06:07:56,31,Male (CIS),Netherlands,,No,No,No,Rarely,26-100,No,No,No,Not sure,No,Don't know,Yes,Don't know,Maybe,No,Some of them,No,Maybe,Yes,No,No,
2015-12-30 16:07:09,25,Genderqueer,Switzerland,,No,No,No,Sometimes,6-25,No,Yes,Yes,Yes,No,Yes,Don't know,Somewhat difficult,Maybe,No,Yes,No,No,No,Yes,No,
2015-12-31 02:06:22,24,Agender,United States,MA,No,No,No,Rarely,More than 1000,No,No,Yes,Yes,Yes,Don't know,Yes,Don't know,No,No,No,No,No,Maybe,No,No,
2015-12-31 12:05:35,33,Trans woman,United States,NY,Yes,No,No,Often,More than 1000,No,No,Yes,Not sure,Don't know,No,Don't know,Very easy,Yes,No,No,Some of them,Maybe,Maybe,No,No,
2015-12-31 22:04:48,41,Trans woman,Canada,,No,No,No,nan,More than 1000,No,Yes,Don't know,No,No,Don't know,Don't know,Don't know,No,No,Some of them,Some of them,No,Maybe,Don't know,No,
2016-01-01 08:04:01,38,Cis Female,United States,WA,Yes,Yes,Yes,Rarely,26-100,No,Yes,No,Yes,No,No,Don't know,Somewhat easy,Maybe,Maybe,Some of them,No,No,No,Don't know,Yes,
2016-01-01 18:03:14,21,Female (trans),Germany,,No,Yes,No,Sometimes,500-1000,Yes,Yes,Yes,Not sure,Don't know,No,Yes,Somewhat easy,Yes,No,Some of them,No,No,Maybe,No,No,
2016-01-02 04:02:27,25,non-binary,United States,CA,No,No,Yes,Often,6-25,No,No,Don't know,No,No,No,Don't know,Very difficult,Yes,No,Some of them,No,No,No,Yes,No,Working remote is empowering. I've seen negative consequences in previous workplaces.
2016-01-02 14:01:40,38,Male (CIS),United States,TX,No,No,Yes,Rarely,More than 1000,Yes,Yes,Don't know,Yes,No,Don't know,Don't know,Somewhat difficult,Maybe,No,Some of them,No,Maybe,No,Don't know,No,
2016-01-03 00:00:53,25,F,Brazil,,No,No,No,Sometimes,100-500,No,Yes,Don't know,No,No,No,Yes,Somewhat easy,Yes,Maybe,Some of them,Some of them,No,No,Yes,No,
2016-01-03 10:00:06,30,Trans-female,United Kingdom,,No,No,No,Never,More than 1000,No,Yes,No,Not sure,Yes,No,Yes,Very easy,Maybe,No,Some of them,No,Maybe,Yes,Don't know,No,
2016-01-03 19:59:19,35,maile,Germany,,No,Yes,Yes,Sometimes,1-5,Yes,Yes,No,No,No,Yes,Don't know,Don't know,No,No,Some of them,Yes,No,No,Don't know,No,
2016-01-04 05:58:32,25,female ,United States,NC,Yes,No,No,Rarely,26-100,No,No,Yes,No,No,Don't know,No,Somewhat easy,Maybe,Maybe,Some of them,No,No,No,Don't know,No,
2016-01-04 15:57:45,32,Femake,United Kingdom,,No,No,No,Sometimes,More than 1000,Yes,No,Don't know,Yes,No,No,Yes,Don't know,No,No,Some of them,No,Yes,No,Don't know,Yes,
2016-01-05 01:56:58,22,Male (CIS),United States,MA,No,Yes,Yes,Rarely,6-25,No,Yes,Yes,No,No,No,Don't know,Don't know,No,No,Yes,No,Maybe,No,Don't know,No,
2016-01-05 11:56:11,27,Woman,United Kingdom,,No,Yes,Yes,nan,More than 1000,No,Yes,Don't know,No,No,Don't know,Don't know,Don't know,Maybe,No,Some of them,No,No,Maybe,No,No,Our health plan has covered my psychotherapy and antidepressant medication. Manager has been discreet throughout.
2016-01-05 21:55:24,34,non-binary,United Kingdom,,No,No,Yes,nan,26-100,No,Yes,No,Yes,No,Yes,Yes,Very easy,Maybe,No,Some of them,Yes,No,Maybe,Don't know,No,
2016-01-06 07:54:37,20,f,United States,NC,No,Yes,Yes,nan,6-25,No,Yes,No,No,No,No,Yes,Somewhat easy,No,No,Yes,Yes,No,Yes,Don't know,No,
2016-01-06 17:53:50,35,Male,United States,NY,No,Yes,No,nan,More than 1000,No,Yes,Don't know,Yes,No,Yes,Don't know,Very easy,Yes,No,Yes,Yes,No,No,Don't know,No,
2016-01-07 03:53:03,31,Male,United States,MI,No,Yes,Yes,Sometimes,More than 1000,No,Yes,Yes,Yes,No,Don't know,Don't know,Somewhat easy,No,Maybe,No,No,No,No,Yes,No,
2016-01-07 13:52:16,35,Guy (-ish) ^_^,Canada,,No,No,No,Rarely,6-25,No,Yes,Yes,Yes,Yes,Don't know,Don't know,Don't know,Yes,No,Some of them,Yes,No,No,No,Yes,
2016-01-07 23:51:29,33,Agender,United States,CA,No,No,No,Never,100-500,No,Yes,Don't know,Yes,Yes,Yes,Don't know,Very easy,Yes,No,Some of them,Some of them,No,Maybe,Don't know,No,
2016-01-08 09:50:42,41,maile,United Kingdom,,No,No,Yes,nan,More than 1000,No,Yes,Yes,No,No,Don't know,Don't know,Somewhat difficult,Yes,No,Yes,Yes,No,No,Don't know,No,
2016-01-08 19:49:55,32,female ,United States,TX,Yes,No,No,Sometimes,6-25,No,Yes,Don't know,No,No,Yes,Don't know,Somewhat difficult,Yes,No,No,Some of them,No,Maybe,Don't know,No,In small startups it is hard to keep mental health issues private.
2016-01-09 05:49:08,28,Man,United Kingdom,,No,Yes,Yes,nan,More than 1000,No,No,Yes,Not sure,No,No,Yes,Somewhat easy,No,No,Some of them,Yes,No,No,Yes,No,
2016-01-09 15:48:21,32,cis male,United Kingdom,,No,No,No,Rarely,100-500,No,Yes,Yes,Not sure,No,Don't know,Yes,Very easy,Maybe,No,Some of them,Yes,No,No,Don't know,No,
2016-01-10 01:47:34,35,fluid,United States,OR,No,Yes,Yes,nan,More than 1000,Yes,Yes,Yes,No,Don't know,Don't know,Don't know,Very easy,No,No,Some of them,No,No,No,Don't know,No,
2016-01-10 11:46:47,32,Trans-female,United States,NC,No,Yes,Yes,Sometimes,26-100,Yes,No,No,Yes,No,No,Don't know,Don't know,No,No,Some of them,Yes,No,No,Don't know,No,
2016-01-10 21:46:00,32,M,United States,CA,nan,No,Yes,Sometimes,26-100,No,Yes,No,Yes,Don't know,Don't know,Don't know,Don't know,Maybe,No,No,Some of them,No,Yes,Don't know,No,
2016-01-11 07:45:13,27,female,United Kingdom,,No,No,Yes,Often,More than 1000,Yes,Yes,Yes,Yes,Don't know,No,Don't know,Don't know,No,Maybe,Some of them,Yes,No,No,No,No,
2016-01-11 17:44:26,27,Male,Germany,,No,Yes,Yes,Sometimes,1-5,No,Yes,Yes,Yes,Yes,No,No,Don't know,Yes,No,Yes,No,No,Yes,Don't know,No,
2016-01-12 03:43:39,22,F,United States,IN,No,Yes,Yes,nan,More than 1000,Yes,Yes,Don't know,No,No,No,Yes,Somewhat easy,Yes,Maybe,Some of them,Some of them,Yes,No,Don't know,Yes,Thanks for doing this survey. It helps end the stigma!
2016-01-12 13:42:52,44,Femake,United Kingdom,,No,No,Yes,Sometimes,6-25,Yes,No,Yes,Yes,No,Don't know,Don't know,Very difficult,No,Maybe,No,Yes,No,No,No,Yes,
2016-01-12 23:42:06,23,m,United States,MI,nan,Yes,Yes,Rarely,More than 1000,Yes,Yes,Don't know,No,No,Yes,Don't know,Don't know,Maybe,Yes,Some of them,Yes,No,Maybe,No,No,
2016-01-13 09:41:19,27,Make,United States,MN,No,Yes,Yes,Sometimes,1-5,No,Yes,No,Yes,Yes,No,Don't know,Very easy,Maybe,Maybe,Some of them,Yes,No,Maybe,Don't know,No,
2016-01-13 19:40:32,26,Female,Australia,,No,Yes,No,Rarely,6-25,No,Yes,Don't know,Not sure,Don't know,Don't know,Don't know,Very easy,Yes,No,Some of them,No,No,No,No,Yes,
2016-01-14 05:39:45,38,Agender,United States,WA,No,Yes,Yes,Often,500-1000,No,Yes,Don't know,Yes,No,No,Don't know,Don't know,Maybe,Yes,No,Yes,Maybe,Maybe,Yes,No,
2016-01-14 15:38:58,29,Female (trans),United States,OR,Yes,No,No,Sometimes,1-5,Yes,No,Don't know,No,No,Yes,Yes,Don't know,No,Maybe,Some of them,No,No,No,Don't know,No,
2016-01-15 01:38:11,40,male,United States,WA,No,Yes,No,Sometimes,6-25,No,Yes,No,Not sure,No,Don't know,Yes,Somewhat easy,Maybe,Maybe,Some of them,Some of them,Maybe,No,Don't know,No,
2016-01-15 11:37:24,27,non-binary,United States,NC,No,Yes,No,Sometimes,1-5,Yes,Yes,No,Not sure,No,Don't know,Don't know,Very easy,Maybe,No,Yes,Some of them,No,Yes,Don't know,No,Working remote is empowering. I've seen negative consequences in previous workplaces.
2016-01-15 21:36:37,33,Guy (-ish) ^_^,United States,NY,No,No,Yes,Rarely,26-100,No,Yes,Don't know,Not sure,No,Don't know,Yes,Very difficult,Yes,Yes,Some of them,Yes,No,Yes,Don't know,No,
2016-01-16 07:35:50,26,Female,United States,TN,No,No,Yes,Never,1-5,Yes,Yes,Yes,Yes,No,No,Yes,Don't know,No,Maybe,Yes,Yes,No,Maybe,Don't know,No,
2016-01-16 17:35:03,47,non-binary,United Kingdom,,No,Yes,Yes,Often,26-100,No,Yes,Don't know,No,No,Don't know,Yes,Somewhat difficult,No,Maybe,Yes,Yes,No,Maybe,Yes,No,
2016-01-17 03:34:16,23,Agender,United States,NY,No,Yes,No,Never,26-100,No,Yes,Yes,Not sure,Don't know,Yes,No,Don't know,Yes,No,Yes,No,Maybe,No,No,No,
2016-01-17 13:33:29,34,Trans woman,United States,OR,No,Yes,No,Never,More than 1000,No,Yes,Don't know,Yes,No,No,Don't know,Very easy,Yes,No,Some of them,Yes,No,Maybe,Don't know,No,
2016-01-17 23:32:42,36,Woman,United States,OH,No,No,No,Never,100-500,No,Yes,Don't know,Not sure,No,Don't know,Don't know,Somewhat easy,Yes,Yes,Some of them,Some of them,No,Maybe,Don't know,No,
2016-01-18 09:31:55,34,Guy (-ish) ^_^,United States,NY,No,No,Yes,Sometimes,6-25,No,Yes,Yes,No,No,Yes,Yes,Don't know,Maybe,No,Yes,No,No,No,Yes,No,
2016-01-18 19:31:08,30,Genderqueer,United Kingdom,,No,No,No,Sometimes,More than 1000,Yes,Yes,Yes,No,Don't know,No,Yes,Don't know,Maybe,No,Some of them,Yes,Maybe,Yes,Yes,No,Thanks for doing this survey. It helps end the stigma!
2016-01-19 05:30:21,31,maile,India,,No,No,No,nan,6-25,No,Yes,Don't know,Not sure,No,Yes,Yes,Don't know,Maybe,Maybe,Some of them,No,No,No,No,No,
2016-01-19 15:29:34,32,Woman,United States,OR,No,No,No,nan,26-100,No,Yes,No,Yes,Yes,Yes,Don't know,Don't know,No,No,No,Yes,No,No,Don't know,No,
2016-01-20 01:28:47,30,Guy (-ish) ^_^,Netherlands,,No,No,No,Sometimes,26-100,Yes,No,Don't know,No,No,Don't know,Don't know,Very easy,Maybe,No,Some of them,Yes,No,No,Yes,No,
2016-01-20 11:28:00,38,Femake,United States,CA,No,No,No,Rarely,More than 1000,No,Yes,Don't know,No,Yes,No,Don't know,Don't know,No,No,No,Yes,No,No,Don't know,Yes,
2016-01-20 21:27:13,47,maile,United States,PA,Yes,Yes,No,nan,26-100,Yes,Yes,Yes,Yes,Yes,No,Don't know,Somewhat easy,No,No,Yes,Yes,No,No,Yes,No,
2016-01-21 07:26:26,28,Male (CIS),United States,NY,No,No,No,Never,6-25,Yes,Yes,Don't know,No,No,No,Don't know,Don't know,Yes,No,No,No,No,No,Don't know,No,
2016-01-21 17:25:39,22,Agender,United States,CA,No,No,No,Sometimes,6-25,No,No,Don't know,Yes,Yes,Yes,Don't know,Very easy,No,No,Some of them,No,No,Maybe,Don't know,Yes,
2016-01-22 03:24:52,31,m,United States,WA,No,Yes,Yes,Sometimes,6-25,No,Yes,Don't know,Yes,No,Yes,Don't know,Very easy,Yes,No,Some of them,Yes,Yes,Yes,Don't know,No,Thanks for doing this survey. It helps end the stigma!
2016-01-22 13:24:05,50,f,United Kingdom,,No,No,No,Never,More than 1000,No,Yes,Yes,Not sure,No,Don't know,Don't know,Very easy,No,No,Some of them,Some of them,Maybe,No,No,No,
2016-01-22 23:23:18,26,Man,United States,IN,No,Yes,No,nan,500-1000,Yes,No,Don't know,No,No,No,Don't know,Somewhat easy,No,Maybe,Some of them,No,No,No,Yes,No,
2016-01-23 09:22:31,43,male,Australia,,No,No,Yes,Often,6-25,No,No,Yes,Not sure,No,No,Don't know,Don't know,Maybe,No,Some of them,Yes,No,Yes,No,No,
2016-01-23 19:21:44,43,male,United States,MA,Yes,No,Yes,Sometimes,1-5,No,Yes,Yes,No,Don't know,Don't know,Don't know,Very easy,Maybe,No,Some of them,Yes,Yes,Maybe,Don't know,No,
2016-01-24 05:20:57,28,Male (CIS),United States,TN,No,No,Yes,Sometimes,100-500,Yes,Yes,No,Yes,Don't know,Don't know,Don't know,Don't know,Maybe,No,Some of them,No,No,Maybe,Yes,No,
2016-01-24 15:20:10,35,fluid,United Kingdom,,No,No,Yes,Often,More than 1000,No,Yes,Yes,No,No,Yes,Yes,Don't know,Yes,Maybe,Some of them,Some of them,No,No,Don't know,No,
2016-01-25 01:19:23,43,Make,United States,WA,No,Yes,Yes,nan,More than 1000,Yes,Yes,Yes,Yes,No,Don't know,Don't know,Don't know,No,Yes,No,No,Maybe,Yes,Yes,Yes,
2016-01-25 11:18:36,29,Trans woman,United States,WA,No,No,Yes,Rarely,1-5,Yes,No,Don't know,Not sure,No,Yes,Don't know,Very easy,Yes,No,Some of them,Some of them,No,No,No,No,I openly discuss my mental health struggles to encourage others to seek treatment.
2016-01-25 21:17:49,30,Female ,United Kingdom,,No,No,No,Rarely,6-25,No,Yes,No,Not sure,No,Don't know,Yes,Very easy,No,No,Some of them,No,No,Maybe,No,No,
2016-01-26 07:17:02,27,female,Australia,,No,No,Yes,Sometimes,More than 1000,Yes,No,Don't know,Yes,No,Don't know,Don't know,Somewhat easy,Yes,No,No,No,No,No,Yes,No,
2016-01-26 17:16:15,24,Woman,Canada,,No,No,No,nan,100-500,Yes,Yes,No,Yes,Yes,No,Yes,Don't know,Maybe,Maybe,No,No,No,Maybe,Yes,No,
2016-01-27 03:15:28,27,Cis Female,United Kingdom,,No,No,Yes,Often,More than 1000,No,Yes,No,Not sure,No,Yes,Don't know,Don't know,Yes,No,Some of them,No,No,No,No,No,
2016-01-27 13:14:41,23,non-binary,United Kingdom,,Yes,No,No,Sometimes,1-5,No,Yes,Yes,Not sure,No,Don't know,Yes,Somewhat difficult,Maybe,No,No,Yes,No,Maybe,Don't know,No,
2016-01-27 23:13:54,32,Make,Ireland,,Yes,Yes,Yes,Often,6-25,No,Yes,Don't know,Not sure,Yes,No,Don't know,Somewhat easy,No,No,Some of them,Some of them,No,Yes,No,Yes,
2016-01-28 09:13:07,26,Male-ish,United States,OR,No,No,No,Sometimes,100-500,No,Yes,Yes,No,No,No,No,Don't know,Yes,Yes,Some of them,Yes,Yes,No,No,No,
2016-01-28 19:12:20,33,Androgyne,United States,NC,No,No,No,Sometimes,More than 1000,Yes,Yes,No,Not sure,No,No,Yes,Somewhat easy,No,No,Yes,No,No,Yes,Yes,No,Our health plan has covered my psychotherapy and antidepressant medication. Manager has been discreet throughout.
2016-01-29 05:11:33,21,Trans woman,United States,NC,No,No,No,Sometimes,26-100,No,Yes,Yes,No,No,Don't know,Don't know,Don't know,No,Yes,Yes,No,No,Maybe,Yes,Yes,
2016-01-29 15:10:46,34,Androgyne,United States,OH,nan,Yes,Yes,Sometimes,26-100,No,Yes,Yes,No,No,No,Yes,Don't know,Yes,No,Some of them,No,No,Maybe,Don't know,No,
2016-01-30 01:09:59,37,female,United Kingdom,,No,Yes,Yes,Sometimes,More than 1000,No,Yes,Don't know,No,Yes,No,Don't know,Don't know,No,No,No,Yes,No,Yes,Don't know,No,
2016-01-30 11:09:12,18,Genderqueer,United Kingdom,,No,No,No,Never,1-5,No,Yes,Don't know,No,No,Don't know,Don't know,Don't know,No,No,Yes,No,No,Maybe,Yes,No,
2016-01-30 21:08:25,34,F,United States,IL,No,No,No,Never,More than 1000,Yes,Yes,Don't know,Not sure,No,No,Don't know,Don't know,Maybe,No,Yes,No,No,No,Don't know,No,
2016-01-31 07:07:38,40,f,United States,PA,No,No,No,Never,1-5,Yes,Yes,Don't know,Not sure,No,Yes,No,Somewhat difficult,Yes,No,Some of them,No,No,Maybe,Don't know,No,
2016-01-31 17:06:51,23,Man,United Kingdom,,No,No,Yes,Sometimes,26-100,No,Yes,Yes,Not sure,No,No,Don't know,Somewhat easy,No,No,Some of them,Some of them,No,No,No,Yes,
2016-02-01 03:06:04,43,Female ,United States,OH,No,No,No,Sometimes,6-25,No,Yes,Don't know,Yes,Don't know,Don't know,Don't know,Somewhat easy,Maybe,No,Some of them,Some of them,No,Maybe,Don't know,Yes,Our health plan has covered my psychotherapy and antidepressant medication. Manager has been discreet throughout.
2016-02-01 13:05:17,34,Male (CIS),United Kingdom,,No,No,No,Rarely,6-25,No,Yes,Don't know,Yes,Yes,No,Yes,Very easy,Maybe,No,Some of them,Yes,No,Maybe,Don't know,No,
2016-02-01 23:04:31,27,Male-ish,United States,OR,No,Yes,Yes,Never,6-25,No,Yes,No,Yes,Yes,No,Don't know,Very difficult,Yes,No,Some of them,Some of them,No,No,Yes,No,
